Years,Technologies,F,f_min,f_max,F_year
YEAR_2020,NUCLEAR,2.067070917676309e-10,,1e-05,7.529825689185231e-07
YEAR_2020,CCGT,2.64,2.64,2.64,15975.02550937924
YEAR_2020,LOCAL_COAL_CENTRAL,0.611,0.611,0.611,4554.130436898247
YEAR_2020,PV,0.12,0.12,0.12,220.6978388906463
YEAR_2020,WIND_ONSHORE,0.001,0.001,0.001,2.349687443257729
YEAR_2020,HYDRO_DAM,8.136000005125945,8.136,8.14,41552.128423327275
YEAR_2020,HYDRO_RIVER,3.777000000265733,3.777,3.78,19289.870822297373
YEAR_2020,IND_COGEN_GAS,0.4,0.4,0.4,2960.529598183308
YEAR_2020,IND_BOILER_GAS,0.1418177298831924,,inf,1173.125875411892
YEAR_2020,IND_BOILER_COAL,2.9,2.9,2.9,22726.41839616487
YEAR_2020,IND_DIRECT_ELEC,1.910163077722588e-08,,inf,1.776116961983648e-05
YEAR_2020,DHN_COGEN_WOOD,1.12,1.12,1.12,8289.482864216405
YEAR_2020,DEC_THHP_GAS,8.633253125505718,,inf,15488.588850573513
YEAR_2020,DEC_COGEN_OIL,0.312,0.312,0.312,1.2840403593683366e-11
YEAR_2020,DEC_BOILER_GAS,11.57638700879536,11.576387,inf,14895.042147456292
YEAR_2020,DEC_BOILER_WOOD,8.415242000478909,8.415242,inf,10513.458386359269
YEAR_2020,DEC_DIRECT_ELEC,7.979346309191837,,inf,2818.171216708051
YEAR_2020,IND_ELEC_COLD,0.0333813995774657,,inf,277.8
YEAR_2020,DEC_ELEC_COLD,1.063414612416945,,inf,5084.0098091260925
YEAR_2020,BUS_COACH_DIESEL,70.24548421394114,70.244355,inf,182638.2589711291
YEAR_2020,BUS_COACH_GASOLINE,23.41478500250352,23.414785,inf,60878.441010834125
YEAR_2020,TRAIN_PUB,6.743916520996596e-09,,0.001,1.5431463614792707e-05
YEAR_2020,CAR_GASOLINE,76.53382002101999,76.532897,inf,34440.219000265635
YEAR_2020,CAR_DIESEL,4.785804882095073e-09,,0.001,1.094687634879814e-06
YEAR_2020,CAR_NG,34.78810001081143,34.787681,inf,15654.645000453054
YEAR_2020,MOTORCYCLE,120.5987467068752,120.597293,inf,54269.43599689162
YEAR_2020,TRAIN_FREIGHT,6.844810014487619,6.844795,inf,20534.430000000004
YEAR_2020,BOAT_FREIGHT_DIESEL,8.80047001657304,8.800451,inf,8800.470000000001
YEAR_2020,TRUCK_DIESEL,42.19403406149195,42.193941,inf,34224.04999999999
YEAR_2020,TRUCK_GASOLINE,42.1940340614924,42.193941,inf,34224.05000000002
YEAR_2020,HABER_BOSCH,9.447444391673158e-09,,inf,3.0192185483505377e-05
YEAR_2020,OIL_TO_HVC,2.575154122109319,2.575154,inf,22423.0
YEAR_2020,SYN_METHANOLATION,2.554838748553383e-09,,inf,3.3218765009767798e-09
YEAR_2020,METHANE_TO_METHANOL,4.810422156197809e-09,,inf,3.835770155433999e-09
YEAR_2020,BIOMASS_TO_METHANOL,1.319829243594244e-09,,inf,3.4662434984399966e-09
YEAR_2020,DAM_STORAGE,18181.00000572688,18181.0,18189.93854,-83.06270471962114
YEAR_2020,BEV_BATT,,,inf,
YEAR_2020,PHEV_BATT,,,inf,
YEAR_2020,TS_DHN_SEASONAL,394.7639145016041,,inf,-0.06934156874514485
YEAR_2020,GAS_STORAGE,0.0007707761920715747,,inf,-1.9043208367482086e-05
YEAR_2020,H2_STORAGE,2.351196455970861e-06,,inf,-3.0019505994199287e-05
YEAR_2020,CO2_STORAGE,7.474330355451355e-07,,inf,5.908054807098745e-19
YEAR_2020,GASOLINE_STORAGE,0.002726813419267185,,inf,2.4760467114137708e-17
YEAR_2020,DIESEL_STORAGE,0.002727014745805022,,inf,-7.196391919872536e-18
YEAR_2020,METHANOL_STORAGE,0.002248634311835564,,inf,1.727947373957486e-19
YEAR_2020,AMMONIA_STORAGE,0.002738020760183084,,inf,1.4402948235112123e-16
YEAR_2020,LFO_STORAGE,0.002727520047584413,,inf,-5.789315832554088e-11
YEAR_2020,TS_COLD,1.20468057900758e-06,,inf,-1.4810998210155866e-05
YEAR_2020,EFFICIENCY,0.142857143,,inf,
YEAR_2020,DHN,1.120000006101393,,inf,
YEAR_2020,GRID,1.0,,inf,
YEAR_2020,H2_ELECTROLYSIS,1.151562746877725e-09,,inf,4.272596850442363e-06
YEAR_2020,SMR,1.64840009868567e-08,,inf,9.56161163345981e-05
YEAR_2020,H2_BIOMASS,1.556899056391278e-09,,inf,6.157933984186233e-06
YEAR_2020,SYN_METHANATION,1.142355878254541e-08,,inf,5.030050104216425e-05
YEAR_2020,ATM_CCS,1.74750823867683e-09,,inf,3.4660977062102684e-06
YEAR_2020,INDUSTRY_CCS,3.545199912052841e-09,,inf,7.32791670945694e-06
YEAR_2020,AMMONIA_TO_H2,7.388432537719006e-09,,inf,1.844894281931892e-05
YEAR_2025,CCGT,1.199260949631871,,inf,2365.998074822268
YEAR_2025,CCGT_AMMONIA,1.283654238485363e-08,,inf,1.7435912192619656e-05
YEAR_2025,LOCAL_COAL_CENTRAL,0.2905737819808162,,inf,2172.348272445698
YEAR_2025,PV,16.60999997445003,,16.61,30548.25913384491
YEAR_2025,WIND_ONSHORE,0.00100000828955686,,1.12,2.349687975300188
YEAR_2025,HYDRO_DAM,9.336000003917063,9.336,10.5,47680.76091822478
YEAR_2025,HYDRO_RIVER,3.777000001353112,3.777,4.3,19289.870827850737
YEAR_2025,GEOTHERMAL,2.735192349255235e-09,,1.2,1.4600514798077933e-05
YEAR_2025,IND_COGEN_GAS,0.4000000005877029,,inf,2969.463629118559
YEAR_2025,IND_COGEN_WOOD,1.021716919678952e-08,,inf,2.8842065094901873e-05
YEAR_2025,IND_COGEN_WASTE,4.736338687497937e-09,,inf,1.971051680520928e-05
YEAR_2025,IND_BOILER_GAS,0.1418177338852468,,inf,0.0003959081845722264
YEAR_2025,IND_BOILER_WOOD,8.601296966057774e-08,,inf,0.00010045326884663748
YEAR_2025,IND_BOILER_OIL,1.281202129669996e-07,,inf,5.771499779158615e-05
YEAR_2025,IND_BOILER_COAL,3.249350943980055,,inf,25541.029176437944
YEAR_2025,IND_BOILER_WASTE,0.2434959986554753,,inf,1913.9632521428607
YEAR_2025,IND_DIRECT_ELEC,3.298215920269553e-08,,inf,3.8186690620114946e-05
YEAR_2025,DHN_HP_ELEC,2.898700432121518,,inf,20587.91913369111
YEAR_2025,DHN_COGEN_GAS,1.314001071025349e-08,,inf,5.5796185512125924e-05
YEAR_2025,DHN_COGEN_WOOD,8.789209308070895e-08,,inf,0.00020228276680670754
YEAR_2025,DHN_COGEN_WET_BIOMASS,1.899625295700991e-08,,inf,0.0001164479311180344
YEAR_2025,DHN_COGEN_BIO_HYDROLYSIS,3.3639948683018e-09,,inf,1.8064662276980122e-05
YEAR_2025,DHN_COGEN_WASTE,4.193437041936443e-09,,inf,1.6201538497923166e-05
YEAR_2025,DHN_BOILER_GAS,0.337125393813976,,inf,501.6426196857827
YEAR_2025,DHN_BOILER_WOOD,1.006318776272548e-07,,inf,0.00017511965125447846
YEAR_2025,DHN_BOILER_OIL,6.149862464289001e-08,,inf,0.0001079646504829104
YEAR_2025,DEC_HP_ELEC,4.004834223266879e-08,,inf,3.842090411700149e-05
YEAR_2025,DEC_THHP_GAS,8.633253139514036,,inf,15488.588841794652
YEAR_2025,DEC_COGEN_GAS,1.195044663112714e-08,,inf,1.0166836957863763e-05
YEAR_2025,DEC_COGEN_OIL,3.827366679952731e-08,,inf,2.2315314577068298e-05
YEAR_2025,DEC_ADVCOGEN_GAS,2.764582335199754e-09,,inf,2.351213754277782e-06
YEAR_2025,DEC_ADVCOGEN_H2,2.590634833819289e-09,,inf,1.981111806848407e-06
YEAR_2025,DEC_BOILER_GAS,11.57638702054726,,inf,14895.042111931216
YEAR_2025,DEC_BOILER_WOOD,1.966129734457245,,inf,1778.1751175833735
YEAR_2025,DEC_BOILER_OIL,7.984411986597696e-08,,inf,3.4534665938443385e-05
YEAR_2025,DEC_DIRECT_ELEC,7.136705230805332,,inf,2818.17121760175
YEAR_2025,IND_ELEC_COLD,0.03785147921778823,,inf,315.0
YEAR_2025,DEC_THHP_GAS_COLD,0.1229912984207746,,inf,257.0879653440081
YEAR_2025,DEC_ELEC_COLD,1.063414623293901,,inf,5414.9229838217725
YEAR_2025,TRAMWAY_TROLLEY,2.988591670138555,,inf,8965.774995981841
YEAR_2025,BUS_COACH_DIESEL,70.24548421993536,,inf,182638.2589875046
YEAR_2025,BUS_COACH_GASOLINE,23.41478500260247,,inf,60878.441017568184
YEAR_2025,BUS_COACH_HYDIESEL,7.766080465134237e-09,,inf,1.80827123245076e-05
YEAR_2025,BUS_COACH_CNG_STOICH,1.41635575207258,,inf,3682.524953695518
YEAR_2025,BUS_COACH_FC_HYBRIDH2,4.362860100307924e-09,,inf,9.367623464560674e-06
YEAR_2025,TRAIN_PUB,9.552124823726788e-09,,inf,2.130835041214498e-05
YEAR_2025,CAR_GASOLINE,76.53382003228899,,inf,34440.2190077767
YEAR_2025,CAR_DIESEL,4.405214905892818e-08,,inf,1.9395364307464854e-05
YEAR_2025,CAR_NG,40.57017978642461,,inf,18256.580896927273
YEAR_2025,CAR_METHANOL,5.557612862371394e-08,,inf,2.4581660996738603e-05
YEAR_2025,CAR_HEV,2.038027233104558e-08,,inf,8.766444662808221e-06
YEAR_2025,CAR_PHEV,2.552384281188123e-08,,inf,1.1093105171510674e-05
YEAR_2025,CAR_BEV,6.904943486382989e-08,,inf,3.0676273798895485e-05
YEAR_2025,CAR_FUEL_CELL,4.775783145384572e-09,,inf,1.8146996163022193e-06
YEAR_2025,MOTORCYCLE,126.8626664193719,,inf,57088.199866342235
YEAR_2025,MOTORCYCLE_ELECTRIC,3.082379199577942e-07,,inf,0.0001336529190611578
YEAR_2025,TRAIN_FREIGHT,10.96370002085492,,inf,32891.0999968758
YEAR_2025,BOAT_FREIGHT_DIESEL,8.80047007700491,,inf,8800.47005455476
YEAR_2025,BOAT_FREIGHT_NG,35.0543299353101,,inf,35054.329882114136
YEAR_2025,BOAT_FREIGHT_METHANOL,6.859433601958919e-08,,inf,5.8306793384198095e-05
YEAR_2025,TRUCK_DIESEL,40.55067114618378,,inf,32891.09991133245
YEAR_2025,TRUCK_GASOLINE,7.027027017814591,,inf,8.182537027491713e-05
YEAR_2025,TRUCK_FUEL_CELL,8.934310763842882e-09,,inf,4.121294030719023e-06
YEAR_2025,TRUCK_NG,1.013027872481721e-08,,inf,5.161429739853991e-06
YEAR_2025,TRUCK_METHANOL,7.892260151384288e-09,,inf,3.0599337476579873e-06
YEAR_2025,TRUCK_ELEC,3.846131172869252e-09,,inf,1.8055890993725417e-06
YEAR_2025,HABER_BOSCH,1.488039753563113e-08,,inf,3.6434216838050964e-05
YEAR_2025,OIL_TO_HVC,3.041315713481743,,inf,26561.999860407264
YEAR_2025,GAS_TO_HVC,1.366908673375035e-08,,inf,2.1489352987473866e-05
YEAR_2025,BIOMASS_TO_HVC,5.33527876367227e-09,,inf,2.180243633748695e-05
YEAR_2025,METHANOL_TO_HVC,1.869683290562971e-08,,inf,9.631535163695426e-05
YEAR_2025,SYN_METHANOLATION,6.668327044392016e-09,,inf,2.8515141557729494e-05
YEAR_2025,METHANE_TO_METHANOL,1.334746589370426e-08,,inf,6.02612346763493e-05
YEAR_2025,BIOMASS_TO_METHANOL,4.121633160227751e-09,,inf,1.872967335928552e-05
YEAR_2025,DAM_STORAGE,20868.86015947504,20868.86,114447.877,-95.31384107662905
YEAR_2025,BEV_BATT,6.850142347602171e-08,,inf,5.634417624636943e-06
YEAR_2025,PHEV_BATT,5.064254526166912e-09,,inf,1.6623885247539996e-06
YEAR_2025,TS_DHN_SEASONAL,394.7639948906781,,inf,-0.061754221057583436
YEAR_2025,GAS_STORAGE,953.0800629491534,,inf,-19.665478313503655
YEAR_2025,H2_STORAGE,3.346696799691187e-06,,inf,-3.5824794155832886e-05
YEAR_2025,CO2_STORAGE,1.018840656254508e-06,,inf,3.537209587733958e-18
YEAR_2025,GASOLINE_STORAGE,0.003822882312140244,,inf,-2.0186489198964486e-17
YEAR_2025,DIESEL_STORAGE,0.003822506802854647,,inf,5.139118297581291e-17
YEAR_2025,METHANOL_STORAGE,0.004825352705474295,,inf,-3.0574501264091225e-16
YEAR_2025,AMMONIA_STORAGE,0.00381348303490868,,inf,7.754213937616328e-16
YEAR_2025,LFO_STORAGE,0.00382455075974171,,inf,9.81880592457185e-17
YEAR_2025,TS_COLD,1.751278163344552e-06,,inf,-2.2071756105528285e-05
YEAR_2025,EFFICIENCY,0.285714286,,inf,
YEAR_2025,DHN,3.235826126638376,,inf,
YEAR_2025,GRID,1.081592694751485,,inf,
YEAR_2025,HVAC_LINE,1.414573942179473e-09,,1.5,
YEAR_2025,H2_ELECTROLYSIS,4.798061807305485e-09,,inf,1.745714408306054e-05
YEAR_2025,SMR,2.366717855623963e-08,,inf,0.0001257553086227916
YEAR_2025,H2_BIOMASS,2.735267084467131e-09,,inf,9.421696996820604e-06
YEAR_2025,GASIFICATION_SNG,2.805606948012072e-09,,inf,1.0604747793025532e-05
YEAR_2025,SYN_METHANATION,1.591169108876469e-08,,inf,4.495003698238149e-05
YEAR_2025,BIOMETHANATION,2.183532603228324e-07,,inf,0.0016121594314455463
YEAR_2025,BIO_HYDROLYSIS,1.038134531707109e-08,,inf,6.249110591852963e-05
YEAR_2025,PYROLYSIS_TO_LFO,5.321492021717167e-09,,inf,1.9610510656991323e-05
YEAR_2025,PYROLYSIS_TO_FUELS,5.897554186548724e-09,,inf,2.421310604651042e-05
YEAR_2025,ATM_CCS,2.938911595707789e-09,,inf,5.607561660397583e-06
YEAR_2025,INDUSTRY_CCS,5.95859676254751e-09,,inf,1.1545062067092702e-05
YEAR_2025,AMMONIA_TO_H2,1.191054664762556e-08,,inf,2.564016340752525e-05
YEAR_2030,CCGT,1.199260949053272,,inf,10101.46720323902
YEAR_2030,CCGT_AMMONIA,2.069545504186328e-08,,inf,2.201126449177053e-05
YEAR_2030,LOCAL_COAL_CENTRAL,1.013512554075529e-06,,inf,0.007561411171954804
YEAR_2030,PV,16.609999997446,,16.61,30548.259171894777
YEAR_2030,WIND_ONSHORE,3.999999975754375,,4.0,9398.749692873454
YEAR_2030,WIND_OFFSHORE,1.499999997926187,,1.5,6573.884652731526
YEAR_2030,HYDRO_DAM,10.49999997098998,9.336,10.5,53625.5342789638
YEAR_2030,HYDRO_RIVER,3.777000003818149,3.777,4.3,19289.8708404094
YEAR_2030,GEOTHERMAL,6.070507946692515e-09,,1.2,3.7442323192240194e-05
YEAR_2030,IND_COGEN_GAS,0.4000000027407155,,inf,2978.400014896204
YEAR_2030,IND_COGEN_WOOD,1.657497042930676e-08,,inf,4.728732666381097e-05
YEAR_2030,IND_COGEN_WASTE,7.311094842859538e-09,,inf,3.065754742369368e-05
YEAR_2030,IND_BOILER_GAS,2.427748637898352,,inf,13247.967315161815
YEAR_2030,IND_BOILER_WOOD,1.589857719333183e-07,,inf,0.00017854074498846638
YEAR_2030,IND_BOILER_OIL,2.342855509405699e-07,,inf,3.53653401045271e-05
YEAR_2030,IND_BOILER_COAL,2.014061559324299,,inf,12951.197940742954
YEAR_2030,IND_BOILER_WASTE,1.076182741342979,,inf,8484.624684308159
YEAR_2030,IND_DIRECT_ELEC,4.788546524781272e-08,,inf,4.644290356490635e-05
YEAR_2030,DHN_HP_ELEC,4.344431669307933,,inf,30617.598545215824
YEAR_2030,DHN_COGEN_GAS,2.849463045716319e-08,,inf,0.00016221565436895857
YEAR_2030,DHN_COGEN_WOOD,4.84543394896473e-08,,inf,9.408171481891879e-05
YEAR_2030,DHN_COGEN_WET_BIOMASS,3.491984423316145e-08,,inf,0.0002218208916031076
YEAR_2030,DHN_COGEN_BIO_HYDROLYSIS,6.405902359100743e-09,,inf,3.752615960088186e-05
YEAR_2030,DHN_COGEN_WASTE,6.431579667225557e-09,,inf,2.430133547472463e-05
YEAR_2030,DHN_BOILER_GAS,0.6482337085635402,,inf,964.5718219629723
YEAR_2030,DHN_BOILER_WOOD,1.524419250744054e-07,,inf,0.0002609413436757198
YEAR_2030,DHN_BOILER_OIL,5.687198619358256e-08,,inf,5.646302973738008e-05
YEAR_2030,DEC_HP_ELEC,8.872828707146746e-08,,inf,0.00011365789284321624
YEAR_2030,DEC_THHP_GAS,8.633253191150091,,inf,15488.588930125137
YEAR_2030,DEC_COGEN_GAS,2.00062715471114e-08,,inf,2.028943438732025e-05
YEAR_2030,DEC_COGEN_OIL,3.68247097134682e-08,,inf,1.637837136660254e-05
YEAR_2030,DEC_ADVCOGEN_GAS,4.496781152480625e-09,,inf,4.090336588534361e-06
YEAR_2030,DEC_ADVCOGEN_H2,4.15573996354182e-09,,inf,3.2374686111451582e-06
YEAR_2030,DEC_BOILER_GAS,11.57638702646775,,inf,12914.764627525148
YEAR_2030,DEC_BOILER_WOOD,4.699409248186609e-07,,inf,0.0003648526197014616
YEAR_2030,DEC_BOILER_OIL,1.364429508898033e-07,,inf,3.920012439696423e-05
YEAR_2030,DEC_DIRECT_ELEC,4.972832540010449,,inf,1599.6458883132855
YEAR_2030,IND_ELEC_COLD,0.04482095801285439,,inf,373.00000000000006
YEAR_2030,DEC_THHP_GAS_COLD,0.2591802996599398,,inf,805.5133861528675
YEAR_2030,DEC_ELEC_COLD,1.109202550136278,,inf,5736.499246315994
YEAR_2030,TRAMWAY_TROLLEY,3.299504837280964,,inf,9898.514494565907
YEAR_2030,BUS_COACH_DIESEL,70.2454842226754,,inf,182638.25899797166
YEAR_2030,BUS_COACH_GASOLINE,23.41478500263621,,inf,60878.441008818336
YEAR_2030,BUS_COACH_HYDIESEL,1.815903642412146e-08,,inf,4.410269960757386e-05
YEAR_2030,BUS_COACH_CNG_STOICH,11.30749438708243,,inf,29399.485405301082
YEAR_2030,BUS_COACH_FC_HYBRIDH2,9.153527751535603e-09,,inf,2.0800811028737835e-05
YEAR_2030,TRAIN_PUB,1.38606736358062e-08,,inf,3.093462748022079e-05
YEAR_2030,CAR_GASOLINE,5.246032531263594e-08,,inf,2.301178534285085e-05
YEAR_2030,CAR_DIESEL,5.614699518513736e-08,,inf,2.4674836197901657e-05
YEAR_2030,CAR_NG,5.78207979773442,,inf,2601.9359077983318
YEAR_2030,CAR_METHANOL,6.548986831974492e-08,,inf,2.8853576201668752e-05
YEAR_2030,CAR_HEV,3.040750641156619e-08,,inf,1.3131188546446166e-05
YEAR_2030,CAR_PHEV,4.141314589805543e-08,,inf,1.8099924736555387e-05
YEAR_2030,CAR_BEV,123.5046399940003,,inf,55577.08798168528
YEAR_2030,CAR_FUEL_CELL,9.328141074584213e-09,,inf,3.7114370965080237e-06
YEAR_2030,MOTORCYCLE,140.060612243151,,inf,63027.27548196211
YEAR_2030,MOTORCYCLE_ELECTRIC,1.169474671041058e-06,,inf,0.0005189883879701143
YEAR_2030,TRAIN_FREIGHT,12.86360002797653,,inf,38590.79999870385
YEAR_2030,BOAT_FREIGHT_DIESEL,8.80047026396405,,inf,8800.470239482409
YEAR_2030,BOAT_FREIGHT_NG,42.65392972845235,,inf,42653.92966004304
YEAR_2030,BOAT_FREIGHT_METHANOL,1.115108489684565e-07,,inf,9.401248017307577e-05
YEAR_2030,TRUCK_DIESEL,40.55067115502881,,inf,32891.10007244477
YEAR_2030,TRUCK_GASOLINE,7.027027029160736,,inf,5699.699724695441
YEAR_2030,TRUCK_FUEL_CELL,8.97202806939805e-08,,inf,7.114169416031461e-05
YEAR_2030,TRUCK_NG,1.406555436751272e-07,,inf,0.0001125577694818279
YEAR_2030,TRUCK_METHANOL,2.098745761516617e-08,,inf,1.4932806473851278e-05
YEAR_2030,TRUCK_ELEC,1.009556657693423e-08,,inf,6.973819976400212e-06
YEAR_2030,HABER_BOSCH,2.196620255770149e-08,,inf,5.9574609080959614e-05
YEAR_2030,OIL_TO_HVC,3.122568515143456,,inf,27353.699931780786
YEAR_2030,GAS_TO_HVC,3.213873544593721e-08,,inf,0.0001550986158147688
YEAR_2030,BIOMASS_TO_HVC,7.972891008011397e-08,,inf,0.000656600928329867
YEAR_2030,METHANOL_TO_HVC,0.5936414769969074,,inf,5200.299256154036
YEAR_2030,SYN_METHANOLATION,1.34256328090027e-08,,inf,7.255901195698139e-05
YEAR_2030,METHANE_TO_METHANOL,0.8668250134071063,,inf,6454.379044173058
YEAR_2030,BIOMASS_TO_METHANOL,1.050661323308925e-08,,inf,6.214389665591506e-05
YEAR_2030,DAM_STORAGE,106351.8259145445,20868.86,114447.877,-107.19743482043395
YEAR_2030,BEV_BATT,122.5244444384924,,inf,9577.910859153608
YEAR_2030,PHEV_BATT,8.216894027391951e-09,,inf,2.5967520200373193e-06
YEAR_2030,TS_DHN_SEASONAL,394.764045969736,,inf,-0.06272706196398303
YEAR_2030,GAS_STORAGE,953.0801805310928,,inf,-17.25691327608014
YEAR_2030,H2_STORAGE,4.614200346483036e-06,,inf,-4.71830187846171e-05
YEAR_2030,CO2_STORAGE,1.500484263437316e-06,,inf,2.0857339293189892e-17
YEAR_2030,GASOLINE_STORAGE,0.005119941067402503,,inf,-1.7287603640281368e-16
YEAR_2030,DIESEL_STORAGE,0.005118654354327359,,inf,1.9653874881730982e-16
YEAR_2030,METHANOL_STORAGE,93.63054408565417,,inf,1.4477805621027073e-09
YEAR_2030,AMMONIA_STORAGE,0.005104899620573908,,inf,-6.808112016851164e-16
YEAR_2030,LFO_STORAGE,0.005120530913068119,,inf,9.054443392969569e-17
YEAR_2030,TS_COLD,2.345301883199311e-06,,inf,-2.938979977059735e-05
YEAR_2030,EFFICIENCY,0.428571429,,inf,
YEAR_2030,DHN,4.99266572972497,,inf,
YEAR_2030,GRID,1.108603604868702,,inf,
YEAR_2030,HVAC_LINE,2.833587147937416e-09,,1.5,
YEAR_2030,H2_ELECTROLYSIS,1.072668975715857e-08,,inf,3.3100079322958966e-05
YEAR_2030,SMR,3.747192769712207e-08,,inf,0.00023289830359370748
YEAR_2030,H2_BIOMASS,4.56366138014275e-09,,inf,1.5036825852446031e-05
YEAR_2030,GASIFICATION_SNG,5.225895600105161e-09,,inf,1.8765355100557236e-05
YEAR_2030,SYN_METHANATION,2.167961838314096e-08,,inf,4.582604479786802e-05
YEAR_2030,BIOMETHANATION,2.417250214426888e-07,,inf,0.0017785101428709994
YEAR_2030,BIO_HYDROLYSIS,1.985289575284964e-08,,inf,0.0001255473048759181
YEAR_2030,PYROLYSIS_TO_LFO,1.29431223145761e-08,,inf,6.45035139994661e-05
YEAR_2030,PYROLYSIS_TO_FUELS,1.070294612860107e-08,,inf,3.903308015475452e-05
YEAR_2030,ATM_CCS,4.433883876969895e-09,,inf,8.534955719765822e-06
YEAR_2030,INDUSTRY_CCS,9.23355170606414e-09,,inf,2.051027275155338e-05
YEAR_2030,AMMONIA_TO_H2,1.666000755481867e-08,,inf,2.9785956925732834e-05
YEAR_2035,CCGT,0.9786653378942511,,inf,8243.373086691063
YEAR_2035,CCGT_AMMONIA,3.036661968214527e-08,,inf,3.0128409135132454e-05
YEAR_2035,LOCAL_COAL_CENTRAL,1.009560027462741e-06,,inf,0.0010082488088645472
YEAR_2035,PV,16.65999999846917,,16.66,30640.216608862982
YEAR_2035,WIND_ONSHORE,3.999999998031659,,4.0,9398.749747431717
YEAR_2035,WIND_OFFSHORE,4.499999999288723,,4.5,19721.654030935173
YEAR_2035,HYDRO_DAM,11.13999999919648,9.336,11.14,56894.13843007231
YEAR_2035,HYDRO_RIVER,4.499999998622971,3.777,4.5,22982.371900362185
YEAR_2035,GEOTHERMAL,0.1914953208780265,,1.2,1593.6240585882185
YEAR_2035,IND_COGEN_GAS,0.4000000084141552,,inf,2978.4000560482586
YEAR_2035,IND_COGEN_WOOD,2.66719717147135e-08,,inf,0.00010455681455829837
YEAR_2035,IND_COGEN_WASTE,1.030691676568041e-08,,inf,3.919902931199441e-05
YEAR_2035,IND_BOILER_GAS,4.251563589203266,,inf,33367.37288078387
YEAR_2035,IND_BOILER_WOOD,3.052194587345698e-06,,inf,0.02400402106157911
YEAR_2035,IND_BOILER_OIL,3.135644610076703e-07,,inf,3.616371278107989e-05
YEAR_2035,IND_BOILER_COAL,0.003813716624868696,,inf,19.678662030926024
YEAR_2035,IND_BOILER_WASTE,1.076182761334421,,inf,8484.624722379618
YEAR_2035,IND_DIRECT_ELEC,5.988529054276204e-08,,inf,4.946436597630287e-05
YEAR_2035,DHN_HP_ELEC,4.992665240016902,,inf,34373.30145999508
YEAR_2035,DHN_COGEN_GAS,3.463154868532519e-08,,inf,0.0001543231194972718
YEAR_2035,DHN_COGEN_WOOD,4.315746437239013e-08,,inf,8.223313380686718e-05
YEAR_2035,DHN_COGEN_WET_BIOMASS,6.345655815805769e-08,,inf,0.0004125483321208667
YEAR_2035,DHN_COGEN_BIO_HYDROLYSIS,1.17509289906191e-08,,inf,7.86792522258985e-05
YEAR_2035,DHN_COGEN_WASTE,8.63729749028299e-09,,inf,2.5421585568546884e-05
YEAR_2035,DHN_BOILER_GAS,2.828294600319829e-07,,inf,0.0004436599113707322
YEAR_2035,DHN_BOILER_WOOD,1.581025713661219e-07,,inf,0.0002639209005671732
YEAR_2035,DHN_BOILER_OIL,7.428567926570122e-08,,inf,2.488819257386513e-05
YEAR_2035,DEC_HP_ELEC,1.421746551425778e-07,,inf,0.00017528914466973707
YEAR_2035,DEC_THHP_GAS,21.54314355362117,,inf,30627.388049382946
YEAR_2035,DEC_COGEN_GAS,2.751528506280444e-08,,inf,2.7387858921598478e-05
YEAR_2035,DEC_COGEN_OIL,3.651080585742383e-08,,inf,1.630493018648474e-05
YEAR_2035,DEC_ADVCOGEN_GAS,6.331002092360922e-09,,inf,5.76491007616912e-06
YEAR_2035,DEC_ADVCOGEN_H2,5.773763637895784e-09,,inf,4.3288658419115585e-06
YEAR_2035,DEC_BOILER_GAS,1.434044068742801e-05,,inf,0.008805153013769282
YEAR_2035,DEC_BOILER_WOOD,9.159483119814334e-08,,inf,7.804012533330796e-05
YEAR_2035,DEC_BOILER_OIL,2.068925697133666e-07,,inf,6.091873261259911e-05
YEAR_2035,DEC_DIRECT_ELEC,5.88818591775142,,inf,2027.1027818553575
YEAR_2035,IND_ELEC_COLD,0.05251141753648274,,inf,437.0
YEAR_2035,DEC_THHP_GAS_COLD,0.2591803028487802,,inf,828.4379391069376
YEAR_2035,DEC_ELEC_COLD,1.293480339410958,,inf,6594.576396200645
YEAR_2035,TRAMWAY_TROLLEY,3.551307671991348,,inf,10653.922995088957
YEAR_2035,BUS_COACH_DIESEL,30.0156271032653,,inf,78040.63047315009
YEAR_2035,BUS_COACH_GASOLINE,8.743018976657872e-08,,inf,0.0002233627504829374
YEAR_2035,BUS_COACH_HYDIESEL,3.414224574937275e-08,,inf,8.54660365129389e-05
YEAR_2035,BUS_COACH_CNG_STOICH,82.96278695781162,,inf,215703.24610995583
YEAR_2035,BUS_COACH_FC_HYBRIDH2,1.322018341745305e-08,,inf,3.076055405780424e-05
YEAR_2035,TRAIN_PUB,3.380795891316088e-08,,inf,7.856376569034453e-05
YEAR_2035,CAR_GASOLINE,4.355560530702085e-08,,inf,1.870252496494206e-05
YEAR_2035,CAR_DIESEL,3.547054909264838e-08,,inf,1.5083201566192053e-05
YEAR_2035,CAR_NG,4.671622997494648e-08,,inf,2.0168476250817324e-05
YEAR_2035,CAR_METHANOL,2.304622454076118e-08,,inf,9.362716669994453e-06
YEAR_2035,CAR_HEV,2.462189109650129e-08,,inf,1.0251437882589003e-05
YEAR_2035,CAR_PHEV,4.133267154590221e-08,,inf,1.774297027636152e-05
YEAR_2035,CAR_BEV,139.1532798297077,,inf,62618.975905782136
YEAR_2035,CAR_FUEL_CELL,1.408379397098288e-08,,inf,5.564094931982777e-06
YEAR_2035,MOTORCYCLE,150.7493849359998,,inf,67837.22318680714
YEAR_2035,MOTORCYCLE_ELECTRIC,1.833979502750523e-06,,inf,0.0008139846146953254
YEAR_2035,TRAIN_FREIGHT,15.04560003706111,,inf,45136.7999985196
YEAR_2035,BOAT_FREIGHT_DIESEL,17.52847022729367,,inf,17528.470187449304
YEAR_2035,BOAT_FREIGHT_NG,42.65392980279684,,inf,42653.92973147134
YEAR_2035,BOAT_FREIGHT_METHANOL,1.408113231093287e-07,,inf,7.953366451782985e-05
YEAR_2035,TRUCK_DIESEL,2.660880728600915e-07,,inf,0.00021389920727669075
YEAR_2035,TRUCK_GASOLINE,55.64810871145854,,inf,45136.799484855685
YEAR_2035,TRUCK_FUEL_CELL,1.674561976963008e-07,,inf,0.00013383087705891647
YEAR_2035,TRUCK_NG,1.744537906155758e-07,,inf,0.0001396101310864557
YEAR_2035,TRUCK_METHANOL,2.857481686938747e-08,,inf,2.003435460339214e-05
YEAR_2035,TRUCK_ELEC,1.527184816955888e-08,,inf,1.087014355460972e-05
YEAR_2035,HABER_BOSCH,2.80228545112165e-08,,inf,4.709129122492702e-05
YEAR_2035,OIL_TO_HVC,3.133053699888071,,inf,27445.55006942311
YEAR_2035,GAS_TO_HVC,3.962566898811618e-08,,inf,9.968543594140901e-05
YEAR_2035,BIOMASS_TO_HVC,0.5820896447206918,,inf,5099.105255505539
YEAR_2035,METHANOL_TO_HVC,0.8278932295562372,,inf,7252.3445754423365
YEAR_2035,SYN_METHANOLATION,2.252636945315552e-08,,inf,0.0001323169461058828
YEAR_2035,METHANE_TO_METHANOL,0.8808213034901174,,inf,6558.595421072305
YEAR_2035,BIOMASS_TO_METHANOL,8.938668216044574e-08,,inf,0.0007469658017512205
YEAR_2035,DAM_STORAGE,107341.7053678443,20868.86,114447.877,-113.73138273439326
YEAR_2035,BEV_BATT,138.0488887199481,,inf,10081.51310099357
YEAR_2035,PHEV_BATT,8.200926894028218e-09,,inf,2.4414327100273447e-06
YEAR_2035,TS_DHN_SEASONAL,1059.935462631025,,inf,-0.13809887857533454
YEAR_2035,GAS_STORAGE,953.0803206459209,,inf,-14.507780056427459
YEAR_2035,H2_STORAGE,5.903397415261074e-06,,inf,-4.399700476701527e-05
YEAR_2035,CO2_STORAGE,2.314421819418491e-06,,inf,-6.293793611278353e-17
YEAR_2035,GASOLINE_STORAGE,0.006537881689723926,,inf,5.777442326632132e-17
YEAR_2035,DIESEL_STORAGE,0.006539339529606697,,inf,1.7515286096503324e-16
YEAR_2035,METHANOL_STORAGE,0.03073074903159967,,inf,3.1387652893455353e-17
YEAR_2035,AMMONIA_STORAGE,0.006542668562212445,,inf,-4.316208848664793e-16
YEAR_2035,LFO_STORAGE,0.006541464433871616,,inf,1.1018204577883939e-17
YEAR_2035,TS_COLD,2.902866326725093e-06,,inf,-3.4912213623237434e-05
YEAR_2035,EFFICIENCY,0.571428571,,inf,
YEAR_2035,DHN,4.992665968795773,,inf,
YEAR_2035,GRID,1.123585106359457,,inf,
YEAR_2035,HVAC_LINE,4.35566055489139e-09,,1.5,
YEAR_2035,H2_ELECTROLYSIS,2.37720051989732e-08,,inf,4.6202376704755194e-05
YEAR_2035,SMR,4.772953674032212e-08,,inf,0.0002780646727886968
YEAR_2035,H2_BIOMASS,7.549924528554171e-09,,inf,2.3855545791909024e-05
YEAR_2035,GASIFICATION_SNG,8.690174415103216e-09,,inf,3.265262585621743e-05
YEAR_2035,SYN_METHANATION,3.010814140420521e-08,,inf,4.443754497246369e-05
YEAR_2035,BIOMETHANATION,0.5298623544538088,,inf,3945.355085255402
YEAR_2035,BIO_HYDROLYSIS,2.83302079826516e-06,,inf,0.021090982354765066
YEAR_2035,PYROLYSIS_TO_LFO,4.342191145074758e-08,,inf,0.0003032590926643915
YEAR_2035,PYROLYSIS_TO_FUELS,1.670043138685669e-08,,inf,3.4994314474649626e-05
YEAR_2035,ATM_CCS,6.501146213683331e-09,,inf,1.0582829814095631e-05
YEAR_2035,INDUSTRY_CCS,1.420399482707552e-08,,inf,3.4241004188864004e-05
YEAR_2035,AMMONIA_TO_H2,2.310891198456841e-08,,inf,4.2889093403142e-05
YEAR_2040,CCGT,2.682727767096264e-07,,inf,0.00045732730385527866
YEAR_2040,CCGT_AMMONIA,4.691323943458781e-08,,inf,5.693910943017296e-05
YEAR_2040,LOCAL_COAL_CENTRAL,1.00840441529878e-06,,inf,0.00031418270890372086
YEAR_2040,PV,16.65999999883454,,16.66,30640.21660877825
YEAR_2040,WIND_ONSHORE,3.999999999045648,,4.0,9398.749749052258
YEAR_2040,WIND_OFFSHORE,6.999999999293926,,7.0,30678.12850521232
YEAR_2040,HYDRO_DAM,11.99999999943332,9.336,12.0,61286.325061714655
YEAR_2040,HYDRO_RIVER,4.799999999296595,3.777,4.8,24514.53003096227
YEAR_2040,GEOTHERMAL,1.199999998783559,,1.2,9986.399988053967
YEAR_2040,IND_COGEN_GAS,0.7195789076139094,,inf,5357.984537380166
YEAR_2040,IND_COGEN_WOOD,3.462860614546728e-08,,inf,6.911609315126843e-05
YEAR_2040,IND_COGEN_WASTE,1.496422224160692e-08,,inf,5.120708702059556e-05
YEAR_2040,IND_BOILER_GAS,5.080280546554971,,inf,40487.85953855195
YEAR_2040,IND_BOILER_WOOD,2.943526780607337e-06,,inf,0.0003813829179303503
YEAR_2040,IND_BOILER_OIL,4.364819309519654e-07,,inf,7.438394455032003e-05
YEAR_2040,IND_BOILER_COAL,0.003120254689193414,,inf,24.59976900603142
YEAR_2040,IND_BOILER_WASTE,1.076182785259531,,inf,8484.624700347613
YEAR_2040,IND_DIRECT_ELEC,8.221360264753258e-08,,inf,6.054122577258526e-05
YEAR_2040,DHN_HP_ELEC,5.157053103275491,,inf,37476.04078790433
YEAR_2040,DHN_COGEN_GAS,3.912671674702134e-08,,inf,0.0001220862474386494
YEAR_2040,DHN_COGEN_WOOD,3.884594862888721e-08,,inf,3.3037688020603674e-05
YEAR_2040,DHN_COGEN_WET_BIOMASS,5.775937709796913e-08,,inf,0.00028507528252234046
YEAR_2040,DHN_COGEN_BIO_HYDROLYSIS,1.449528850495132e-08,,inf,9.40955817643454e-05
YEAR_2040,DHN_COGEN_WASTE,1.184554422108338e-08,,inf,2.6581798546883077e-05
YEAR_2040,DHN_BOILER_GAS,1.286545231815776e-07,,inf,6.405665185038897e-05
YEAR_2040,DHN_BOILER_WOOD,9.419954851017995e-08,,inf,5.099431265237558e-05
YEAR_2040,DHN_BOILER_OIL,1.045602125968875e-07,,inf,3.185240504405886e-05
YEAR_2040,DEC_HP_ELEC,4.098633337343013e-07,,inf,0.0005992271443175038
YEAR_2040,DEC_THHP_GAS,24.34301758354817,,inf,33914.94192858638
YEAR_2040,DEC_COGEN_GAS,3.940779423473845e-08,,inf,3.6852229646983896e-05
YEAR_2040,DEC_COGEN_OIL,3.270992678192875e-08,,inf,1.9483612710667003e-05
YEAR_2040,DEC_ADVCOGEN_GAS,1.034037149060727e-08,,inf,9.189363461091337e-06
YEAR_2040,DEC_ADVCOGEN_H2,9.351581200577884e-09,,inf,6.754908103666178e-06
YEAR_2040,DEC_BOILER_GAS,1.438024405826815e-05,,inf,0.008781669282490958
YEAR_2040,DEC_BOILER_WOOD,1.258406628614813e-07,,inf,8.202188409445801e-05
YEAR_2040,DEC_BOILER_OIL,2.647508817880875e-07,,inf,9.125186372329606e-05
YEAR_2040,DEC_DIRECT_ELEC,5.888185705012212,,inf,1687.048450382362
YEAR_2040,IND_ELEC_COLD,0.06116318526975218,,inf,509.0
YEAR_2040,DEC_THHP_GAS_COLD,0.2591802505546787,,inf,689.4396207291544
YEAR_2040,DEC_ELEC_COLD,1.474202345036483,,inf,7597.576390575252
YEAR_2040,TRAMWAY_TROLLEY,3.724849339908872,,inf,11174.547993954913
YEAR_2040,BUS_COACH_DIESEL,36.95289575192569,,inf,96077.52896067966
YEAR_2040,BUS_COACH_GASOLINE,4.492748772175709e-07,,inf,0.0011632029838700253
YEAR_2040,BUS_COACH_HYDIESEL,5.62124439280252e-08,,inf,0.00014194314077325504
YEAR_2040,BUS_COACH_CNG_STOICH,81.5464312436637,,inf,212020.72125123203
YEAR_2040,BUS_COACH_FC_HYBRIDH2,1.67522359525976e-08,,inf,3.8627887648796935e-05
YEAR_2040,TRAIN_PUB,1.864684169466301e-07,,inf,0.0004453426186079949
YEAR_2040,CAR_GASOLINE,4.470621195762321e-08,,inf,1.8931965321024696e-05
YEAR_2040,CAR_DIESEL,4.090468132406267e-08,,inf,1.7234314864905082e-05
YEAR_2040,CAR_NG,4.82250752703739e-08,,inf,2.0515129304706834e-05
YEAR_2040,CAR_METHANOL,2.887173661522143e-08,,inf,1.1647291526696066e-05
YEAR_2040,CAR_HEV,3.169956770239971e-08,,inf,1.3163386529432084e-05
YEAR_2040,CAR_PHEV,4.714926812442664e-08,,inf,2.0057635040598233e-05
YEAR_2040,CAR_BEV,145.953279802432,,inf,65678.97589236114
YEAR_2040,CAR_FUEL_CELL,2.399908608925861e-08,,inf,9.709915346835505e-06
YEAR_2040,MOTORCYCLE,158.1160513298816,,inf,71152.22305895602
YEAR_2040,MOTORCYCLE_ELECTRIC,2.1299484782957e-06,,inf,0.0009424029775101523
YEAR_2040,TRAIN_FREIGHT,17.45390005005735,,inf,52361.69999793349
YEAR_2040,BOAT_FREIGHT_DIESEL,27.16167021411318,,inf,27161.6701538261
YEAR_2040,BOAT_FREIGHT_NG,42.65392985591398,,inf,42653.92976198938
YEAR_2040,BOAT_FREIGHT_METHANOL,1.82105701228943e-07,,inf,8.212125055907793e-05
YEAR_2040,TRUCK_DIESEL,3.329294264553467e-07,,inf,0.0002674787314958747
YEAR_2040,TRUCK_GASOLINE,64.5555195032284,,inf,52361.69938046732
YEAR_2040,TRUCK_FUEL_CELL,2.117193596876718e-07,,inf,0.00016874404889334472
YEAR_2040,TRUCK_NG,1.869525176457983e-07,,inf,0.0001485654452268862
YEAR_2040,TRUCK_METHANOL,3.555384345267123e-08,,inf,2.456869657510856e-05
YEAR_2040,TRUCK_ELEC,2.045304072079896e-08,,inf,1.4405086983891181e-05
YEAR_2040,HABER_BOSCH,3.785130157877236e-08,,inf,4.335366022186329e-05
YEAR_2040,OIL_TO_HVC,3.172608490468724,,inf,27792.049912404713
YEAR_2040,GAS_TO_HVC,4.752040406516614e-08,,inf,3.0732176772758944e-05
YEAR_2040,BIOMASS_TO_HVC,0.577709979370423,,inf,5060.738169950852
YEAR_2040,METHANOL_TO_HVC,1.728334710409666,,inf,15140.211886900932
YEAR_2040,SYN_METHANOLATION,2.97239929371058e-08,,inf,0.00012979868653971435
YEAR_2040,METHANE_TO_METHANOL,0.8808212922977927,,inf,6558.59525231311
YEAR_2040,BIOMASS_TO_METHANOL,8.875430639596731e-08,,inf,0.0006168367886378882
YEAR_2040,DAM_STORAGE,107289.879289797,20868.86,114447.877,-122.5113637904592
YEAR_2040,BEV_BATT,144.7949204389206,,inf,9829.506599710045
YEAR_2040,PHEV_BATT,9.355013516751318e-09,,inf,2.651489559410738e-06
YEAR_2040,TS_DHN_SEASONAL,1559.224563297932,,inf,-0.23968916933858964
YEAR_2040,GAS_STORAGE,953.0804219730688,,inf,-19.708738020404596
YEAR_2040,H2_STORAGE,8.303972045616584e-06,,inf,-4.846433657292041e-05
YEAR_2040,CO2_STORAGE,3.670313897430642e-06,,inf,-5.439476180677666e-17
YEAR_2040,GASOLINE_STORAGE,0.009455691830951463,,inf,2.3662712414496134e-17
YEAR_2040,DIESEL_STORAGE,0.009455793790912714,,inf,-1.482375420330806e-16
YEAR_2040,METHANOL_STORAGE,0.02840929944675097,,inf,9.787093011026649e-16
YEAR_2040,AMMONIA_STORAGE,0.009670166542237596,,inf,1.3038886376853798e-15
YEAR_2040,LFO_STORAGE,0.009459093552330017,,inf,-8.351067233569598e-17
YEAR_2040,TS_COLD,4.060944594785079e-06,,inf,-4.640939656363436e-05
YEAR_2040,EFFICIENCY,0.714285714,,inf,
YEAR_2040,DHN,5.157053653797258,,inf,
YEAR_2040,GRID,1.135865025521677,,inf,
YEAR_2040,HVAC_LINE,6.21832544066063e-09,,1.5,
YEAR_2040,H2_ELECTROLYSIS,3.532617973397067e-08,,inf,4.6780209020246196e-05
YEAR_2040,SMR,5.185374796328697e-08,,inf,0.000189855673332122
YEAR_2040,H2_BIOMASS,1.102205722754222e-08,,inf,2.1867008713662508e-05
YEAR_2040,GASIFICATION_SNG,1.217186637693374e-08,,inf,3.7166116403431344e-05
YEAR_2040,SYN_METHANATION,4.618427378972936e-08,,inf,6.694208526043453e-05
YEAR_2040,BIOMETHANATION,0.5298623525501669,,inf,3945.355058719145
YEAR_2040,BIO_HYDROLYSIS,0.08663664900931206,,inf,645.0964833880098
YEAR_2040,PYROLYSIS_TO_LFO,4.440302086034396e-08,,inf,0.00011343503576858207
YEAR_2040,PYROLYSIS_TO_FUELS,2.512482907456325e-08,,inf,2.009649912674349e-05
YEAR_2040,ATM_CCS,9.745913699302052e-09,,inf,1.153983186272457e-05
YEAR_2040,INDUSTRY_CCS,2.169469196273368e-08,,inf,3.749175911630841e-05
YEAR_2040,AMMONIA_TO_H2,3.590190064657123e-08,,inf,8.039912090160817e-05
YEAR_2045,CCGT,1.04004282220649e-07,,inf,0.0004002205922838341
YEAR_2045,CCGT_AMMONIA,8.268549910395581e-08,,inf,0.00016461401249598493
YEAR_2045,LOCAL_COAL_CENTRAL,1.008062746803651e-06,,inf,0.0006127571025614743
YEAR_2045,PV,19.99999999862015,,20.0,36782.973119780625
YEAR_2045,WIND_ONSHORE,4.539999998768327,,4.54,10667.580963361106
YEAR_2045,WIND_OFFSHORE,6.999999999479277,,7.0,30678.12850163536
YEAR_2045,HYDRO_DAM,13.00999999941162,9.336,13.01,66444.59075197221
YEAR_2045,HYDRO_RIVER,5.269999999322197,3.777,5.27,26914.911096975986
YEAR_2045,GEOTHERMAL,1.199999999478869,,1.2,9986.399993471176
YEAR_2045,IND_COGEN_GAS,2.165962607602555,,inf,16127.757567491522
YEAR_2045,IND_COGEN_WOOD,5.804413914984631e-08,,inf,0.0001570791793644935
YEAR_2045,IND_COGEN_WASTE,2.390180019247899e-08,,inf,7.907597399442018e-05
YEAR_2045,IND_BOILER_GAS,4.622344776976317,,inf,38467.15223228942
YEAR_2045,IND_BOILER_WOOD,0.2701564593737488,,inf,2129.913024737566
YEAR_2045,IND_BOILER_OIL,7.225836618125905e-07,,inf,0.00014507725200144645
YEAR_2045,IND_BOILER_COAL,0.003120351980993293,,inf,24.59932476574574
YEAR_2045,IND_BOILER_WASTE,1.07618278193451,,inf,8484.624632346126
YEAR_2045,IND_DIRECT_ELEC,1.336304991143106e-07,,inf,7.048984543858308e-05
YEAR_2045,DHN_HP_ELEC,5.657715308534176,,inf,41125.902024311414
YEAR_2045,DHN_COGEN_GAS,5.504714007613366e-08,,inf,0.00017286757598110967
YEAR_2045,DHN_COGEN_WOOD,3.810924192925662e-08,,inf,4.588926150334012e-05
YEAR_2045,DHN_COGEN_WET_BIOMASS,5.106756525078592e-08,,inf,0.00013766365699285004
YEAR_2045,DHN_COGEN_BIO_HYDROLYSIS,2.693706745644456e-08,,inf,0.00018222369962108602
YEAR_2045,DHN_COGEN_WASTE,1.835801361710644e-08,,inf,3.575841210489937e-05
YEAR_2045,DHN_BOILER_GAS,1.660573142685437e-07,,inf,6.733885300836197e-05
YEAR_2045,DHN_BOILER_WOOD,1.366704735771825e-07,,inf,6.812776852071371e-05
YEAR_2045,DHN_BOILER_OIL,1.705069143214661e-07,,inf,4.494423358478705e-05
YEAR_2045,DEC_HP_ELEC,1.903333167581541e-06,,inf,0.0031695059112726498
YEAR_2045,DEC_THHP_GAS,26.90809133154053,,inf,37317.0598828099
YEAR_2045,DEC_COGEN_GAS,6.313491199496808e-08,,inf,5.9602658035801836e-05
YEAR_2045,DEC_COGEN_OIL,5.67075822603522e-08,,inf,3.6788053158505485e-05
YEAR_2045,DEC_ADVCOGEN_GAS,1.892725794557779e-08,,inf,1.748059307181879e-05
YEAR_2045,DEC_ADVCOGEN_H2,1.809904228533263e-08,,inf,1.238098194166591e-05
YEAR_2045,DEC_BOILER_GAS,1.688858578689415e-05,,inf,0.0077654812689146495
YEAR_2045,DEC_BOILER_WOOD,2.310190775300754e-07,,inf,0.00014155850687383245
YEAR_2045,DEC_BOILER_OIL,6.504378901799578e-07,,inf,0.0003002027359856642
YEAR_2045,DEC_DIRECT_ELEC,5.888185625117466,,inf,1755.4286212002307
YEAR_2045,IND_ELEC_COLD,0.07185773221436802,,inf,598.0
YEAR_2045,DEC_THHP_GAS_COLD,0.1361889743050374,,inf,199.89411662986626
YEAR_2045,DEC_ELEC_COLD,1.794439871521113,,inf,9030.123735812558
YEAR_2045,TRAMWAY_TROLLEY,3.863601008249031,,inf,11590.802991513003
YEAR_2045,BUS_COACH_DIESEL,36.95289577751109,,inf,96077.52902350461
YEAR_2045,BUS_COACH_GASOLINE,5.286213085749491e-07,,inf,0.0013663339712220413
YEAR_2045,BUS_COACH_HYDIESEL,8.536849100303493e-08,,inf,0.00021503554005895042
YEAR_2045,BUS_COACH_CNG_STOICH,71.65529275514882,,inf,186303.76117555884
YEAR_2045,BUS_COACH_FC_HYBRIDH2,2.776252566089648e-08,,inf,6.475777524874725e-05
YEAR_2045,TRAIN_PUB,15.43538766019679,,inf,37193.70515659544
YEAR_2045,CAR_GASOLINE,5.669509926801725e-08,,inf,2.376294909748787e-05
YEAR_2045,CAR_DIESEL,4.762664091368666e-08,,inf,1.9653053734205805e-05
YEAR_2045,CAR_NG,6.010961520675535e-08,,inf,2.5351037509688896e-05
YEAR_2045,CAR_METHANOL,4.065338747998105e-08,,inf,1.6391273854157863e-05
YEAR_2045,CAR_HEV,4.134314293101334e-08,,inf,1.7007916138885218e-05
YEAR_2045,CAR_PHEV,4.97765866677883e-08,,inf,2.074967025918338e-05
YEAR_2045,CAR_BEV,151.3900797419951,,inf,68125.53586399145
YEAR_2045,CAR_FUEL_CELL,4.359211889674773e-08,,inf,1.8016174714028846e-05
YEAR_2045,MOTORCYCLE,141.1633596401803,,inf,63523.5117941591
YEAR_2045,MOTORCYCLE_ELECTRIC,22.84256051568239,,inf,10279.152207706566
YEAR_2045,TRAIN_FREIGHT,20.32850006974394,,inf,60985.49999710433
YEAR_2045,BOAT_FREIGHT_DIESEL,38.6600697677493,,inf,38660.06968029824
YEAR_2045,BOAT_FREIGHT_NG,42.65393017019885,,inf,42653.93007599365
YEAR_2045,BOAT_FREIGHT_METHANOL,3.140975923098258e-07,,inf,0.00024066915678542676
YEAR_2045,TRUCK_DIESEL,3.670553994185486e-07,,inf,0.00029329286038486856
YEAR_2045,TRUCK_GASOLINE,64.63200091916852,,inf,52423.734305586484
YEAR_2045,TRUCK_FUEL_CELL,10.55560093390053,,inf,8561.765235407935
YEAR_2045,TRUCK_NG,1.426799873229269e-07,,inf,0.00011126630784033372
YEAR_2045,TRUCK_METHANOL,5.254054472929455e-08,,inf,3.680750449104456e-05
YEAR_2045,TRUCK_ELEC,3.318229365906351e-08,,inf,2.3660820139739437e-05
YEAR_2045,HABER_BOSCH,0.0242757082130379,,inf,16.31332006015066
YEAR_2045,OIL_TO_HVC,3.477368781165389,,inf,30461.749719705076
YEAR_2045,GAS_TO_HVC,7.008050780546871e-08,,inf,2.966966855172049e-05
YEAR_2045,BIOMASS_TO_HVC,0.5777099662690408,,inf,4219.154649817233
YEAR_2045,METHANOL_TO_HVC,2.638138798943711,,inf,23110.095600837478
YEAR_2045,SYN_METHANOLATION,8.75630619526198e-08,,inf,0.00023734503516504633
YEAR_2045,METHANE_TO_METHANOL,0.8808212795820273,,inf,0.0003386256561550591
YEAR_2045,BIOMASS_TO_METHANOL,9.161797374892343e-08,,inf,0.0005992590362403038
YEAR_2045,DAM_STORAGE,106782.2381954545,20868.86,114447.877,-132.82273690135844
YEAR_2045,BEV_BATT,150.1885711726142,,inf,9423.260031151347
YEAR_2045,PHEV_BATT,9.876306878529426e-09,,inf,2.6392719250868806e-06
YEAR_2045,TS_DHN_SEASONAL,1707.627524539013,,inf,-0.2625039013270225
YEAR_2045,GAS_STORAGE,953.0804286425475,,inf,-19.3279331961442
YEAR_2045,H2_STORAGE,0.0001566205267569975,,inf,-0.0017563519567869307
YEAR_2045,CO2_STORAGE,6.635188846749145e-06,,inf,-2.993719367457709e-16
YEAR_2045,GASOLINE_STORAGE,0.01510131403037912,,inf,8.843023969334896e-16
YEAR_2045,DIESEL_STORAGE,0.01510279852494512,,inf,1.3763404478617236e-15
YEAR_2045,METHANOL_STORAGE,0.02688115972538241,,inf,-7.237049501340742e-17
YEAR_2045,AMMONIA_STORAGE,16.31436372554407,,inf,7.72715225139109e-14
YEAR_2045,LFO_STORAGE,0.01510445663145465,,inf,-2.680147770384167e-16
YEAR_2045,TS_COLD,6.611466312634131e-06,,inf,-7.086789900160014e-05
YEAR_2045,EFFICIENCY,0.857142857,,inf,
YEAR_2045,DHN,5.661187987355127,,inf,
YEAR_2045,GRID,1.154923460049383,,inf,
YEAR_2045,HVAC_LINE,9.463889246394875e-09,,1.5,
YEAR_2045,H2_ELECTROLYSIS,6.354456606867721e-08,,inf,7.643737633550047e-05
YEAR_2045,SMR,0.01021287860153555,,inf,53.18859849447843
YEAR_2045,H2_BIOMASS,1.905168603440598e-08,,inf,3.960101665422009e-05
YEAR_2045,GASIFICATION_SNG,1.949028500860416e-08,,inf,6.54775036448469e-05
YEAR_2045,SYN_METHANATION,1.029996558786522e-06,,inf,0.0007794965139378034
YEAR_2045,BIOMETHANATION,0.5298621239954124,,inf,0.015918327661747923
YEAR_2045,BIO_HYDROLYSIS,0.9211552335883464,,inf,6858.92186117681
YEAR_2045,PYROLYSIS_TO_LFO,5.378797297050304e-08,,inf,0.0001458018028474879
YEAR_2045,PYROLYSIS_TO_FUELS,4.554373037619576e-08,,inf,3.858494345650317e-05
YEAR_2045,ATM_CCS,1.831017634999164e-08,,inf,2.3581557385828468e-05
YEAR_2045,INDUSTRY_CCS,2.277233558335055e-07,,inf,0.00021181599869790155
YEAR_2045,AMMONIA_TO_H2,0.002176940164299622,,inf,11.337417570575049
YEAR_2050,CCGT,2.192801588823466e-07,,inf,0.00019883971979964285
YEAR_2050,CCGT_AMMONIA,2.114704654440692e-07,,inf,0.00014498998563034328
YEAR_2050,LOCAL_COAL_CENTRAL,1.010875616704017e-06,,inf,0.00019906667796259554
YEAR_2050,PV,19.99999999564705,,20.0,36782.97305866011
YEAR_2050,WIND_ONSHORE,6.999999996079755,,7.0,16447.812011754788
YEAR_2050,WIND_OFFSHORE,12.99999999795639,,13.0,56973.66717933225
YEAR_2050,HYDRO_DAM,13.89999999810041,9.336,13.9,70989.99313340927
YEAR_2050,HYDRO_RIVER,5.599999997767825,3.777,5.6,28600.285028913226
YEAR_2050,GEOTHERMAL,1.19999999932067,,1.2,9986.399987467857
YEAR_2050,IND_COGEN_GAS,2.16596260664981,,inf,11132.478886892584
YEAR_2050,IND_COGEN_WOOD,1.490660238104306e-07,,inf,0.0002513284164322213
YEAR_2050,IND_COGEN_WASTE,6.160768312132285e-08,,inf,0.0001493129225007761
YEAR_2050,IND_BOILER_GAS,5.763241186918357,,inf,47961.69044621759
YEAR_2050,IND_BOILER_WOOD,1.535599977702515,,inf,12106.668877701157
YEAR_2050,IND_BOILER_OIL,2.236944891632877e-06,,inf,0.0004424070804732209
YEAR_2050,IND_BOILER_COAL,0.003745933148348755,,inf,29.519990247698427
YEAR_2050,IND_BOILER_WASTE,1.076183054724983,,inf,8484.624440182313
YEAR_2050,IND_DIRECT_ELEC,4.716171758756161e-07,,inf,0.00068566387154513
YEAR_2050,DHN_HP_ELEC,6.246652736449152,,inf,45426.59110145257
YEAR_2050,DHN_COGEN_GAS,1.1305489290777e-07,,inf,0.00011040976558090833
YEAR_2050,DHN_COGEN_WOOD,1.136080883266563e-07,,inf,8.307693123668483e-05
YEAR_2050,DHN_COGEN_WET_BIOMASS,6.941000334672626e-08,,inf,9.922324906138547e-05
YEAR_2050,DHN_COGEN_BIO_HYDROLYSIS,4.24968661095422e-08,,inf,0.00021680240616808976
YEAR_2050,DHN_COGEN_WASTE,5.037237679000522e-08,,inf,6.783797610130031e-05
YEAR_2050,DHN_BOILER_GAS,5.33307350649107e-07,,inf,0.0001250229455260146
YEAR_2050,DHN_BOILER_WOOD,4.327977087089514e-07,,inf,0.0001259926991378639
YEAR_2050,DHN_BOILER_OIL,5.370360067068901e-07,,inf,9.669512380475223e-05
YEAR_2050,DEC_HP_ELEC,7.195592074429997,,inf,12909.335903070427
YEAR_2050,DEC_THHP_GAS,26.90809130802778,,inf,29938.486780748914
YEAR_2050,DEC_COGEN_GAS,1.432864808534031e-07,,inf,9.17420958416712e-05
YEAR_2050,DEC_COGEN_OIL,1.448575949528424e-07,,inf,6.572792415689193e-05
YEAR_2050,DEC_ADVCOGEN_GAS,5.379634298842391e-08,,inf,3.585336444913924e-05
YEAR_2050,DEC_ADVCOGEN_H2,5.536784677886063e-08,,inf,2.819088730084311e-05
YEAR_2050,DEC_BOILER_GAS,2.707804980789206e-06,,inf,0.0005600069847104876
YEAR_2050,DEC_BOILER_WOOD,4.725221155657528e-07,,inf,0.00019459079042567887
YEAR_2050,DEC_BOILER_OIL,1.133518873327802e-06,,inf,0.00023592175655300855
YEAR_2050,DEC_DIRECT_ELEC,2.08814772668168,,inf,318.1761262341099
YEAR_2050,IND_ELEC_COLD,0.08435474007547593,,inf,702.0
YEAR_2050,DEC_THHP_GAS_COLD,1.99290604154728e-06,,inf,0.001161653295622142
YEAR_2050,DEC_ELEC_COLD,2.147325857701551,,inf,10266.018848295736
YEAR_2050,TRAMWAY_TROLLEY,3.965749682464625,,inf,11897.248979494885
YEAR_2050,BUS_COACH_DIESEL,30.47765242211499,,inf,79241.89628475378
YEAR_2050,BUS_COACH_GASOLINE,5.362817733545641,,inf,13943.32608790697
YEAR_2050,BUS_COACH_HYDIESEL,6.77156844212777e-07,,inf,0.0017427528584553396
YEAR_2050,BUS_COACH_CNG_STOICH,62.86747417113588,,inf,163455.43284121837
YEAR_2050,BUS_COACH_FC_HYBRIDH2,1.097605018754369e-07,,inf,0.00026496286968892297
YEAR_2050,TRAIN_PUB,29.62414995633258,,inf,71383.493772879
YEAR_2050,CAR_GASOLINE,1.163278643386356e-07,,inf,4.704188114137648e-05
YEAR_2050,CAR_DIESEL,1.030546909677484e-07,,inf,4.1014950519172144e-05
YEAR_2050,CAR_NG,1.228107055027082e-07,,inf,5.008367468325473e-05
YEAR_2050,CAR_METHANOL,9.070865068812117e-08,,inf,3.495366109928848e-05
YEAR_2050,CAR_HEV,8.938809545390405e-08,,inf,3.5480442330150974e-05
YEAR_2050,CAR_PHEV,1.040466096992862e-07,,inf,4.2014413838288976e-05
YEAR_2050,CAR_BEV,155.3926394154167,,inf,69926.6877131156
YEAR_2050,CAR_FUEL_CELL,1.310786066438039e-07,,inf,5.4014636171723985e-05
YEAR_2050,MOTORCYCLE,2.454378360551691e-06,,inf,0.0010026138195185772
YEAR_2050,MOTORCYCLE_ELECTRIC,168.3420246389848,,inf,75753.91100584739
YEAR_2050,TRAIN_FREIGHT,23.74360015285904,,inf,71230.79999233919
YEAR_2050,BOAT_FREIGHT_DIESEL,52.32046904707103,,inf,52320.468879746164
YEAR_2050,BOAT_FREIGHT_NG,42.65393066497182,,inf,42653.930486806974
YEAR_2050,BOAT_FREIGHT_METHANOL,8.464693039254906e-07,,inf,0.0006253612795422389
YEAR_2050,TRUCK_DIESEL,7.083580414000668e-07,,inf,0.0005626622327315629
YEAR_2050,TRUCK_GASOLINE,49.29268645024701,,inf,39981.84584132173
YEAR_2050,TRUCK_FUEL_CELL,38.52610638907096,,inf,31248.953086251997
YEAR_2050,TRUCK_NG,3.825315926440809e-07,,inf,0.00029728698483887794
YEAR_2050,TRUCK_METHANOL,1.649701376672249e-07,,inf,0.00011658878458358244
YEAR_2050,TRUCK_ELEC,1.483848829936668e-07,,inf,0.00011171998463477221
YEAR_2050,HABER_BOSCH,0.08411555318679671,,inf,56.525765813297724
YEAR_2050,OIL_TO_HVC,3.594463711358156,,inf,31487.49959108093
YEAR_2050,GAS_TO_HVC,2.060348607389533e-07,,inf,7.296786236717685e-05
YEAR_2050,BIOMASS_TO_HVC,0.5777099624635617,,inf,0.0009531537434000077
YEAR_2050,METHANOL_TO_HVC,4.332591337891509,,inf,37953.49938268833
YEAR_2050,SYN_METHANOLATION,4.044005248802821e-07,,inf,0.0008503870041053487
YEAR_2050,METHANE_TO_METHANOL,0.8808212802736689,,inf,0.0004515514499903173
YEAR_2050,BIOMASS_TO_METHANOL,1.513149657759937e-07,,inf,0.0006945368693761919
YEAR_2050,DAM_STORAGE,114447.8769610513,20868.86,114447.877,-141.9089962719188
YEAR_2050,BEV_BATT,154.1593644994213,,inf,8879.57939325161
YEAR_2050,PHEV_BATT,2.064416859112822e-08,,inf,5.149382604970732e-06
YEAR_2050,TS_DHN_SEASONAL,1879.893339287706,,inf,-0.28910860671851424
YEAR_2050,GAS_STORAGE,953.0805940866885,,inf,-16.011770555328113
YEAR_2050,H2_STORAGE,0.0001630767452262976,,inf,-0.0018554298527943276
YEAR_2050,CO2_STORAGE,1.986635600084372e-05,,inf,3.2160146941351275e-17
YEAR_2050,GASOLINE_STORAGE,0.04236776062634484,,inf,-3.382710778154774e-16
YEAR_2050,DIESEL_STORAGE,0.04237523788763431,,inf,-9.679756995950584e-16
YEAR_2050,METHANOL_STORAGE,0.04203280355451289,,inf,-1.1553258350005535e-15
YEAR_2050,AMMONIA_STORAGE,56.52911872518808,,inf,-2.184918912462308e-13
YEAR_2050,LFO_STORAGE,0.04236154174281037,,inf,-6.349087922075114e-16
YEAR_2050,TS_COLD,2.057436939264476e-05,,inf,-0.00023252490913296125
YEAR_2050,EFFICIENCY,1.0,,inf,
YEAR_2050,DHN,6.258704056695865,,inf,
YEAR_2050,GRID,1.196478706436031,,inf,
YEAR_2050,HVAC_LINE,2.804942991531072e-08,,1.5,
YEAR_2050,H2_ELECTROLYSIS,8.167524961354431e-07,,inf,0.0037909741568330794
YEAR_2050,SMR,0.03519066778503945,,inf,183.2728615249253
YEAR_2050,H2_BIOMASS,5.772749718625281e-08,,inf,9.976628572467491e-05
YEAR_2050,GASIFICATION_SNG,5.239177643343718e-08,,inf,0.00016772677716729548
YEAR_2050,SYN_METHANATION,2.028592145048999e-06,,inf,0.0015629612968194194
YEAR_2050,BIOMETHANATION,0.5298621143981104,,inf,0.0014094199112936621
YEAR_2050,BIO_HYDROLYSIS,1.016142690501387,,inf,7566.198450742406
YEAR_2050,PYROLYSIS_TO_LFO,1.464491666391539e-07,,inf,0.00030928475834104914
YEAR_2050,PYROLYSIS_TO_FUELS,1.50107340806546e-07,,inf,8.50679009314048e-05
YEAR_2050,ATM_CCS,5.326629259185315e-08,,inf,7.029432325863017e-05
YEAR_2050,INDUSTRY_CCS,4.869033999563727e-07,,inf,0.0005013800278722319
YEAR_2050,AMMONIA_TO_H2,0.007736709566166393,,inf,40.29264084862004
