Years,Elements,C_inv,C_maint,C_op
YEAR_2020,NUCLEAR,6.56940426766141e-08,2.127656476883473e-08,
YEAR_2020,CCGT,177.11278605227395,55.2258559512,
YEAR_2020,LOCAL_COAL_CENTRAL,147.9326047507301,30.549477063429997,
YEAR_2020,PV,5.23059698615673,1.2995999999999999,
YEAR_2020,WIND_ONSHORE,0.08487937380230931,0.019100000000000002,
YEAR_2020,HYDRO_DAM,2386.927137436341,170.8706449076541,
YEAR_2020,HYDRO_RIVER,1330.784997144131,190.5300028148048,
YEAR_2020,IND_COGEN_GAS,49.64765488065307,39.289798444000006,
YEAR_2020,IND_BOILER_GAS,0.9842799497096055,0.200794463580193,
YEAR_2020,IND_BOILER_COAL,39.3660558592038,8.0164809446,
YEAR_2020,IND_DIRECT_ELEC,7.826255551139289e-07,3.359793034900737e-08,
YEAR_2020,DHN_COGEN_WOOD,106.70493228082827,48.0980230192,
YEAR_2020,DEC_THHP_GAS,281.6584239165897,91.4296310951031,
YEAR_2020,DEC_COGEN_OIL,39.802535078569946,27.1228324068,
YEAR_2020,DEC_BOILER_GAS,216.28574276458951,66.08264369976503,
YEAR_2020,DEC_BOILER_WOOD,458.6251125242505,163.4033693469266,
YEAR_2020,DEC_DIRECT_ELEC,36.771180643147865,1.521085240338706,
YEAR_2020,IND_ELEC_COLD,1.9986032924944617,0.1802595577183148,
YEAR_2020,DEC_ELEC_COLD,53.51422749313111,23.5014629344145,
YEAR_2020,BUS_COACH_DIESEL,4289.980692800883,2146.389795738181,
YEAR_2020,BUS_COACH_GASOLINE,1429.9705769113111,715.4517640694512,
YEAR_2020,TRAIN_PUB,7.09332000065896e-07,3.665504042356128e-07,
YEAR_2020,CAR_GASOLINE,4211.769936748909,1836.81168050448,
YEAR_2020,CAR_DIESEL,2.7224901378215174e-07,1.148593171702818e-07,
YEAR_2020,CAR_NG,1979.8980257658757,834.9144002594744,
YEAR_2020,MOTORCYCLE,339.2695550703413,147.9853713780435,
YEAR_2020,TRAIN_FREIGHT,49.91737219283991,14.29409675539394,
YEAR_2020,BOAT_FREIGHT_DIESEL,44.40074246493891,33.61290630938849,
YEAR_2020,TRUCK_DIESEL,1564.8590228536164,782.9337433285463,
YEAR_2020,TRUCK_GASOLINE,1564.8590228536334,782.9337433285546,
YEAR_2020,HABER_BOSCH,8.199698185824889e-07,1.780558743871368e-07,
YEAR_2020,OIL_TO_HVC,122.3306834340274,6.154661199830709,
YEAR_2020,SYN_METHANOLATION,6.090904612706856e-07,1.919736391789929e-07,
YEAR_2020,METHANE_TO_METHANOL,5.904465818988172e-07,3.17858981375567e-07,
YEAR_2020,BIOMASS_TO_METHANOL,5.689733081876248e-07,9.654550916891899e-08,
YEAR_2020,BATT_LI,-2.1458509185061274e-07,-3.139521583260387e-09,
YEAR_2020,TS_DEC_HP_ELEC,6.70423498114418e-08,5.212772688496171e-09,
YEAR_2020,TS_DEC_DIRECT_ELEC,6.70423498114418e-08,5.212772688496171e-09,
YEAR_2020,TS_DHN_SEASONAL,18.9180526896827,1.272016970113188,
YEAR_2020,TS_DEC_THHP_GAS,6.70423498114418e-08,5.212772688496171e-09,
YEAR_2020,TS_DEC_COGEN_GAS,6.70423498114418e-08,5.212772688496171e-09,
YEAR_2020,TS_DEC_COGEN_OIL,6.70423498114418e-08,5.212772688496171e-09,
YEAR_2020,TS_DEC_ADVCOGEN_GAS,6.70423498114418e-08,5.212772688496171e-09,
YEAR_2020,TS_DEC_ADVCOGEN_H2,6.70423498114418e-08,5.212772688496171e-09,
YEAR_2020,TS_DEC_BOILER_GAS,6.70423498114418e-08,5.212772688496171e-09,
YEAR_2020,TS_DEC_BOILER_WOOD,6.70423498114418e-08,5.212772688496171e-09,
YEAR_2020,TS_DEC_BOILER_OIL,6.70423498114418e-08,5.212772688496171e-09,
YEAR_2020,TS_HIGH_TEMP,7.724183655808164e-08,1.017803115775995e-08,
YEAR_2020,GAS_STORAGE,2.582623235485723e-06,1.009072442717191e-06,
YEAR_2020,H2_STORAGE,1.3103869882713087e-06,9.169666178286357e-07,
YEAR_2020,CO2_STORAGE,2.8038942650030356e-06,3.699793525948421e-07,
YEAR_2020,GASOLINE_STORAGE,2.455135280327241e-06,1.082544927449073e-06,
YEAR_2020,DIESEL_STORAGE,2.455316548279943e-06,1.082624854084594e-06,
YEAR_2020,METHANOL_STORAGE,2.0245981600844244e-06,8.927078217987188e-07,
YEAR_2020,AMMONIA_STORAGE,2.4652260103665093e-06,1.086994241792684e-06,
YEAR_2020,LFO_STORAGE,2.455771505783463e-06,1.082825458891012e-06,
YEAR_2020,TS_COLD,2.711639316929694e-06,3.614041737022739e-07,
YEAR_2020,DHN,60.66614149285616,,
YEAR_2020,GRID,4828.586631087546,,
YEAR_2020,H2_ELECTROLYSIS,3.388732987374458e-07,8.818929896858372e-08,
YEAR_2020,SMR,1.0380928329206625e-06,1.179394213670678e-06,
YEAR_2020,H2_BIOMASS,6.067761323971662e-07,5.262793028043003e-07,
YEAR_2020,SYN_METHANATION,2.789198816388654e-07,1.020394357246458e-06,
YEAR_2020,ATM_CCS,6.520622926771114e-07,2.317615326462759e-07,
YEAR_2020,INDUSTRY_CCS,6.614262119873949e-07,2.35089296568048e-07,
YEAR_2020,AMMONIA_TO_H2,4.652923079802893e-07,5.286261866903462e-07,
YEAR_2020,ELECTRICITY,,,0.3020861263491235
YEAR_2020,GASOLINE,,,4159.406738779807
YEAR_2020,DIESEL,,,4503.776608307403
YEAR_2020,BIOETHANOL,,,757.0644257988909
YEAR_2020,BIODIESEL,,,333.8758981219834
YEAR_2020,LFO,,,1952.106802584017
YEAR_2020,GAS,,,2679.401016327454
YEAR_2020,WOOD,,,847.3035424291351
YEAR_2020,LOCAL_COAL,,,637.2073088798287
YEAR_2020,URANIUM,,,8.584245149778152e-09
YEAR_2025,CCGT,78.17100684785326,24.37449709412213,
YEAR_2025,CCGT_AMMONIA,8.367198506523313e-07,2.608975679181703e-07,
YEAR_2025,LOCAL_COAL_CENTRAL,69.61189192318848,14.37550945411128,
YEAR_2025,PV,607.6520758673153,165.6016997452668,
YEAR_2025,WIND_ONSHORE,0.08207600342868317,0.01829015161599497,
YEAR_2025,HYDRO_DAM,2738.981286924233,196.0728048822654,
YEAR_2025,HYDRO_RIVER,1330.7849975272572,190.5300028696574,
YEAR_2025,GEOTHERMAL,1.7020893326516509e-06,4.172459343403082e-07,
YEAR_2025,IND_COGEN_GAS,48.22915052635259,38.16723282807748,
YEAR_2025,IND_COGEN_WOOD,9.456033865658165e-07,4.262365238438529e-07,
YEAR_2025,IND_COGEN_WASTE,1.1930908138553566e-06,5.415054510524349e-07,
YEAR_2025,IND_BOILER_GAS,0.9022450395008249,0.1840615967738862,
YEAR_2025,IND_BOILER_WOOD,1.0702705491005205e-06,2.179521452442068e-07,
YEAR_2025,IND_BOILER_OIL,7.5923457196583e-07,1.662839359483626e-07,
YEAR_2025,IND_BOILER_COAL,40.43209567995828,8.233676987161758,
YEAR_2025,IND_BOILER_WASTE,3.0298523259128767,0.6170054989935442,
YEAR_2025,IND_DIRECT_ELEC,1.2548274490153652e-06,5.386869807252174e-08,
YEAR_2025,DHN_HP_ELEC,88.23082903554702,36.83408484116462,
YEAR_2025,DHN_COGEN_GAS,1.411555878713075e-06,5.081100941727935e-07,
YEAR_2025,DHN_COGEN_WOOD,8.134450870755067e-06,3.666653601063341e-06,
YEAR_2025,DHN_COGEN_WET_BIOMASS,2.2357966099773398e-06,2.2401914655486e-06,
YEAR_2025,DHN_COGEN_BIO_HYDROLYSIS,1.7002706217299053e-06,7.862297759886327e-07,
YEAR_2025,DHN_COGEN_WASTE,1.0563330756775255e-06,4.794355232339519e-07,
YEAR_2025,DHN_BOILER_GAS,2.1447932210265312,0.4375463956336765,
YEAR_2025,DHN_BOILER_WOOD,1.2521755189962011e-06,2.549956558338108e-07,
YEAR_2025,DHN_BOILER_OIL,3.644380607551631e-07,7.981748643880823e-08,
YEAR_2025,DEC_HP_ELEC,2.0380263567680625e-06,8.930551301440084e-07,
YEAR_2025,DEC_THHP_GAS,266.7262915401134,86.58109017762467,
YEAR_2025,DEC_COGEN_GAS,1.597227539494518e-06,1.140288695748982e-06,
YEAR_2025,DEC_COGEN_OIL,4.743161317532548e-06,3.232149130705563e-06,
YEAR_2025,DEC_ADVCOGEN_GAS,2.1104855732036577e-06,4.368392637448743e-07,
YEAR_2025,DEC_ADVCOGEN_H2,1.9776938355570486e-06,4.093533402960389e-07,
YEAR_2025,DEC_BOILER_GAS,198.265720768538,60.57575678531403,
YEAR_2025,DEC_BOILER_WOOD,98.22224396333561,34.99596777773774,
YEAR_2025,DEC_BOILER_OIL,1.2281267063208758e-06,7.500666827451645e-07,
YEAR_2025,DEC_DIRECT_ELEC,31.79453919659648,1.315105943953721,
YEAR_2025,IND_ELEC_COLD,2.2122858010052195,0.199477295477744,
YEAR_2025,DEC_THHP_GAS_COLD,3.628090008015851,1.186866029760475,
YEAR_2025,DEC_ELEC_COLD,51.66863070374563,22.85278025458594,
YEAR_2025,TRAMWAY_TROLLEY,141.55680218312403,37.35739587673194,
YEAR_2025,BUS_COACH_DIESEL,4384.993588748744,2146.389795921338,
YEAR_2025,BUS_COACH_GASOLINE,1461.6410329933162,715.4517640724745,
YEAR_2025,BUS_COACH_HYDIESEL,6.756299603942795e-07,2.58869348811921e-07,
YEAR_2025,BUS_COACH_CNG_STOICH,89.19264863293913,43.2775368751793,
YEAR_2025,BUS_COACH_FC_HYBRIDH2,4.98585836531273e-07,1.363393781346226e-07,
YEAR_2025,TRAIN_PUB,1.0047022060545818e-06,5.191842462084138e-07,
YEAR_2025,CAR_GASOLINE,4305.1246387256915,1836.811680774936,
YEAR_2025,CAR_DIESEL,2.5614876309790767e-06,1.057251577414276e-06,
YEAR_2025,CAR_NG,2352.001163948194,973.6843148741907,
YEAR_2025,CAR_METHANOL,3.1262278632112744e-06,1.333827086969134e-06,
YEAR_2025,CAR_HEV,1.1970946553565942e-06,6.929292592555496e-07,
YEAR_2025,CAR_PHEV,1.643152565014698e-06,8.678106556039619e-07,
YEAR_2025,CAR_BEV,5.0627000406425515e-06,6.904943486382989e-07,
YEAR_2025,CAR_FUEL_CELL,5.955155145399386e-07,4.775783145384572e-08,
YEAR_2025,MOTORCYCLE,364.80183893726434,155.6717571013473,
YEAR_2025,MOTORCYCLE_ELECTRIC,1.8133418768858806e-06,2.473031669799298e-07,
YEAR_2025,TRAIN_FREIGHT,79.95533745908205,22.89562289727717,
YEAR_2025,BOAT_FREIGHT_DIESEL,45.38414792531203,33.61290654020465,
YEAR_2025,BOAT_FREIGHT_NG,182.36700749853284,133.8880657095631,
YEAR_2025,BOAT_FREIGHT_METHANOL,3.537419553173555e-07,2.61992255599889e-07,
YEAR_2025,TRUCK_DIESEL,1537.2058333466596,752.4402314483019,
YEAR_2025,TRUCK_GASOLINE,266.38244491511324,130.3903902506797,
YEAR_2025,TRUCK_FUEL_CELL,3.942442048249584e-07,1.078073499134851e-07,
YEAR_2025,TRUCK_NG,3.8740404529696165e-07,1.879729497166317e-07,
YEAR_2025,TRUCK_METHANOL,2.9918193706983966e-07,1.464452717329852e-07,
YEAR_2025,TRUCK_ELEC,3.3972491215279305e-07,8.897383445288826e-08,
YEAR_2025,HABER_BOSCH,1.227321828035199e-06,2.665101482026844e-07,
YEAR_2025,OIL_TO_HVC,137.2925347892898,6.907480779404413,
YEAR_2025,GAS_TO_HVC,9.577475047428745e-07,2.947834292416745e-07,
YEAR_2025,BIOMASS_TO_HVC,1.2559309606330415e-06,4.16151743566437e-07,
YEAR_2025,METHANOL_TO_HVC,1.2693530651833136e-06,1.268839877281918e-06,
YEAR_2025,SYN_METHANOLATION,1.3714217194360397e-06,4.322449467437463e-07,
YEAR_2025,METHANE_TO_METHANOL,1.4132862830595036e-06,7.608254751653442e-07,
YEAR_2025,BIOMASS_TO_METHANOL,1.4027527857301524e-06,2.380243150031526e-07,
YEAR_2025,BATT_LI,-1.6582323248938425e-07,-2.426063031520544e-09,
YEAR_2025,TS_DEC_HP_ELEC,2.346153249435287e-07,1.824214636879506e-08,
YEAR_2025,TS_DEC_DIRECT_ELEC,2.346153249435287e-07,1.824214636879506e-08,
YEAR_2025,TS_DHN_DAILY,1.529088518108583e-07,6.276292803996541e-09,
YEAR_2025,TS_DHN_SEASONAL,18.276766489848438,1.228154606908332,
YEAR_2025,TS_DEC_THHP_GAS,2.346153249435287e-07,1.824214636879506e-08,
YEAR_2025,TS_DEC_COGEN_GAS,2.346153249435287e-07,1.824214636879506e-08,
YEAR_2025,TS_DEC_COGEN_OIL,2.346153249435287e-07,1.824214636879506e-08,
YEAR_2025,TS_DEC_ADVCOGEN_GAS,2.346153249435287e-07,1.824214636879506e-08,
YEAR_2025,TS_DEC_ADVCOGEN_H2,2.346153249435287e-07,1.824214636879506e-08,
YEAR_2025,TS_DEC_BOILER_GAS,2.346153249435287e-07,1.824214636879506e-08,
YEAR_2025,TS_DEC_BOILER_WOOD,2.346153249435287e-07,1.824214636879506e-08,
YEAR_2025,TS_DEC_BOILER_OIL,2.346153249435287e-07,1.824214636879506e-08,
YEAR_2025,TS_HIGH_TEMP,2.4817697823311256e-07,3.270187672448666e-08,
YEAR_2025,GAS_STORAGE,3.1934649009269185,1.247738107530766,
YEAR_2025,H2_STORAGE,1.8652069370331307e-06,1.305211751879563e-06,
YEAR_2025,CO2_STORAGE,3.822043363310013e-06,5.043261248459812e-07,
YEAR_2025,GASOLINE_STORAGE,3.442000531006936e-06,1.517684277919677e-06,
YEAR_2025,DIESEL_STORAGE,3.4416624344988854e-06,1.517535200733295e-06,
YEAR_2025,METHANOL_STORAGE,4.34459269692762e-06,1.915665024073295e-06,
YEAR_2025,AMMONIA_STORAGE,3.4335377234757225e-06,1.513952764858746e-06,
YEAR_2025,LFO_STORAGE,3.4435027476752247e-06,1.518346651617459e-06,
YEAR_2025,TS_COLD,3.9419866189904204e-06,5.253834490033656e-07,
YEAR_2025,DHN,175.2723969424274,,
YEAR_2025,GRID,5222.5640261589715,,
YEAR_2025,HVAC_LINE,1.513530044780165e-07,4.334254558837904e-08,
YEAR_2025,H2_ELECTROLYSIS,8.985049844817155e-07,2.33829594429739e-07,
YEAR_2025,SMR,1.4163715098309103e-06,1.609163240859226e-06,
YEAR_2025,H2_BIOMASS,8.416002461128773e-07,7.299502012504756e-07,
YEAR_2025,GASIFICATION_SNG,7.489429874463307e-07,6.500101431154026e-07,
YEAR_2025,SYN_METHANATION,3.564759616701256e-07,1.304151512720426e-06,
YEAR_2025,BIOMETHANATION,2.0966025598963262e-05,3.225673163264515e-06,
YEAR_2025,BIO_HYDROLYSIS,1.8887100458753358e-06,1.218630759603749e-06,
YEAR_2025,PYROLYSIS_TO_LFO,8.715293144198991e-07,4.876905597377364e-07,
YEAR_2025,PYROLYSIS_TO_FUELS,9.808053419195326e-07,3.361605886332773e-07,
YEAR_2025,ATM_CCS,1.0841184777913064e-06,3.853265771364396e-07,
YEAR_2025,INDUSTRY_CCS,1.099016530714914e-06,3.906217693655645e-07,
YEAR_2025,AMMONIA_TO_H2,7.127912986383986e-07,8.098140552898818e-07,
YEAR_2025,ELECTRICITY,,,2.42283264325271e-06
YEAR_2025,GASOLINE,,,2551.658423823135
YEAR_2025,DIESEL,,,3766.837629886702
YEAR_2025,BIOETHANOL,,,1.69137940369043e-06
YEAR_2025,BIODIESEL,,,1.608134171757169e-06
YEAR_2025,LFO,,,1802.298615034386
YEAR_2025,GAS,,,1537.467366877199
YEAR_2025,GAS_RE,,,9.92325631510613e-08
YEAR_2025,WOOD,,,65.20386923528012
YEAR_2025,WET_BIOMASS,,,3.451054331401725e-05
YEAR_2025,LOCAL_COAL,,,526.7178568119349
YEAR_2025,WASTE,,,51.16824454224079
YEAR_2025,H2,,,1.698738422776938e-07
YEAR_2025,H2_RE,,,1.120133181239803e-07
YEAR_2025,AMMONIA,,,1.781292689130852e-06
YEAR_2025,AMMONIA_RE,,,1.613345096546168e-06
YEAR_2025,METHANOL,,,1.910020505424027e-06
YEAR_2025,METHANOL_RE,,,1.465205416204116e-06
YEAR_2030,CCGT,75.88480926517423,23.6617924903628,
YEAR_2030,CCGT_AMMONIA,1.309532057845754e-06,4.083277814397082e-07,
YEAR_2030,LOCAL_COAL_CENTRAL,0.00024022118728671778,4.960792321113667e-05,
YEAR_2030,PV,491.288862640836,151.1509999767586,
YEAR_2030,WIND_ONSHORE,317.38822797267335,69.83999957667139,
YEAR_2030,WIND_OFFSHORE,150.33311749510094,80.93999988809705,
YEAR_2030,HYDRO_DAM,3080.473802611412,220.5188993907374,
YEAR_2030,HYDRO_RIVER,1330.7849983957865,190.5300029940058,
YEAR_2030,GEOTHERMAL,3.5231793036387433e-06,8.636633065918375e-07,
YEAR_2030,IND_COGEN_GAS,46.810646351066694,37.04466735782223,
YEAR_2030,IND_COGEN_WOOD,1.4889063208637488e-06,6.711318675861943e-07,
YEAR_2030,IND_COGEN_WASTE,1.793206533860448e-06,8.138804712017779e-07,
YEAR_2030,IND_BOILER_GAS,14.041008146111537,2.864466039432416,
YEAR_2030,IND_BOILER_WOOD,1.7984085222856195e-06,3.662374744199841e-07,
YEAR_2030,IND_BOILER_OIL,1.262276004174375e-06,2.764301846256764e-07,
YEAR_2030,IND_BOILER_COAL,22.782576256042994,4.639564973919051,
YEAR_2030,IND_BOILER_WASTE,12.173518359741438,2.479080010814659,
YEAR_2030,IND_DIRECT_ELEC,1.681668929970096e-06,7.219365021328281e-08,
YEAR_2030,DHN_HP_ELEC,124.82925876132425,52.11365268022799,
YEAR_2030,DHN_COGEN_GAS,2.9709819255229255e-06,1.069449188724158e-06,
YEAR_2030,DHN_COGEN_WOOD,4.352585281953424e-06,1.961949283290672e-06,
YEAR_2030,DHN_COGEN_WET_BIOMASS,3.989065943733089e-06,3.996911340134247e-06,
YEAR_2030,DHN_COGEN_BIO_HYDROLYSIS,3.1425195001705797e-06,1.453146834811116e-06,
YEAR_2030,DHN_COGEN_WASTE,1.5774861262505513e-06,7.159717118491054e-07,
YEAR_2030,DHN_BOILER_GAS,3.749092735730679,0.7648417199414101,
YEAR_2030,DHN_BOILER_WOOD,1.7243861125033358e-06,3.511631572816895e-07,
YEAR_2030,DHN_BOILER_OIL,3.064130211773316e-07,6.710244648210871e-08,
YEAR_2030,DEC_HP_ELEC,4.2624545114728656e-06,1.867789018607666e-06,
YEAR_2030,DEC_THHP_GAS,251.78638710854332,81.73254964380652,
YEAR_2030,DEC_COGEN_GAS,2.5952776999290326e-06,1.852814173637422e-06,
YEAR_2030,DEC_COGEN_OIL,4.429347852192962e-06,3.01832272808929e-06,
YEAR_2030,DEC_ADVCOGEN_GAS,3.146775239450519e-06,6.513363690073445e-07,
YEAR_2030,DEC_ADVCOGEN_H2,2.9081200920027984e-06,6.019382501856602e-07,
YEAR_2030,DEC_BOILER_GAS,180.24569864510457,55.06886983194236,
YEAR_2030,DEC_BOILER_WOOD,2.1342813902603252e-05,7.604250565936501e-06,
YEAR_2030,DEC_BOILER_OIL,1.907889025620852e-06,1.165239921460398e-06,
YEAR_2030,DEC_DIRECT_ELEC,21.387125474087696,0.8847627900520629,
YEAR_2030,IND_ELEC_COLD,2.5557447961782636,0.2303797241860715,
YEAR_2030,DEC_THHP_GAS_COLD,7.372467380846181,2.433703013806835,
YEAR_2030,DEC_ELEC_COLD,51.968286363245305,23.16014924684548,
YEAR_2030,TRAMWAY_TROLLEY,156.2834288203675,41.24381046601205,
YEAR_2030,BUS_COACH_DIESEL,4498.118317726262,2146.389796005062,
YEAR_2030,BUS_COACH_GASOLINE,1499.3486697609205,715.4517640735054,
YEAR_2030,BUS_COACH_HYDIESEL,1.591036263423833e-06,6.05301214076852e-07,
YEAR_2030,BUS_COACH_CNG_STOICH,725.0827902364092,345.5067729888853,
YEAR_2030,BUS_COACH_FC_HYBRIDH2,1.0145770689751747e-06,2.860477422354876e-07,
YEAR_2030,TRAIN_PUB,1.4578797530687896e-06,7.533657198105206e-07,
YEAR_2030,CAR_GASOLINE,3.027080033394232e-06,1.259047807503263e-06,
YEAR_2030,CAR_DIESEL,3.349031169034129e-06,1.347527884443297e-06,
YEAR_2030,CAR_NG,341.33247929267026,138.7699151456261,
YEAR_2030,CAR_METHANOL,3.7789142861561174e-06,1.571756839673878e-06,
YEAR_2030,CAR_HEV,1.798745718173711e-06,1.03385521799325e-06,
YEAR_2030,CAR_PHEV,2.633320612503995e-06,1.408046960533885e-06,
YEAR_2030,CAR_BEV,7617.432785552193,1235.046399940003,
YEAR_2030,CAR_FUEL_CELL,9.546159928269628e-07,9.328141074584213e-08,
YEAR_2030,MOTORCYCLE,413.1424205791349,171.8668086047135,
YEAR_2030,MOTORCYCLE_ELECTRIC,5.786983752448173e-06,9.382842639570959e-07,
YEAR_2030,TRAIN_FREIGHT,93.81080102694378,26.86320628818052,
YEAR_2030,BOAT_FREIGHT_DIESEL,46.5580888187543,33.61290725428471,
YEAR_2030,BOAT_FREIGHT_NG,225.95463879517283,162.9143149161038,
YEAR_2030,BOAT_FREIGHT_METHANOL,5.899380209018e-07,4.259094925382942e-07,
YEAR_2030,TRUCK_DIESEL,1576.8850610329512,752.4402316124264,
YEAR_2030,TRUCK_GASOLINE,273.2584598512659,130.3903904612138,
YEAR_2030,TRUCK_FUEL_CELL,3.839911953925388e-06,1.082624720673099e-06,
YEAR_2030,TRUCK_NG,5.477221506459597e-06,2.609941755485828e-06,
YEAR_2030,TRUCK_METHANOL,8.161346641068749e-07,3.894339358413608e-07,
YEAR_2030,TRUCK_ELEC,8.445678482209191e-07,2.335441067794266e-07,
YEAR_2030,HABER_BOSCH,1.7169780994863247e-06,3.728391907957932e-07,
YEAR_2030,OIL_TO_HVC,133.58909898609195,6.721055959996218,
YEAR_2030,GAS_TO_HVC,2.134070835522819e-06,6.568401744219072e-07,
YEAR_2030,BIOMASS_TO_HVC,1.3763405458754672e-05,4.560493656582519e-06,
YEAR_2030,METHANOL_TO_HVC,38.1950649951462,38.17951129026581,
YEAR_2030,SYN_METHANOLATION,2.3215141894614824e-06,7.316969880906469e-07,
YEAR_2030,METHANE_TO_METHANOL,77.16934450468379,41.54331321654052,
YEAR_2030,BIOMASS_TO_METHANOL,2.622261362457905e-06,4.4495507042133e-07,
YEAR_2030,BATT_LI,-4.3506974323109696e-08,-6.365281933540245e-10,
YEAR_2030,TS_DEC_HP_ELEC,4.045321094177287e-07,3.145375926594675e-08,
YEAR_2030,TS_DEC_DIRECT_ELEC,4.045321094177287e-07,3.145375926594675e-08,
YEAR_2030,TS_DHN_DAILY,3.8933383188700214e-07,1.598058646367566e-08,
YEAR_2030,TS_DHN_SEASONAL,17.63547871945168,1.184292137909208,
YEAR_2030,TS_DEC_THHP_GAS,4.045321094177287e-07,3.145375926594675e-08,
YEAR_2030,TS_DEC_COGEN_GAS,4.045321094177287e-07,3.145375926594675e-08,
YEAR_2030,TS_DEC_COGEN_OIL,4.045321094177287e-07,3.145375926594675e-08,
YEAR_2030,TS_DEC_ADVCOGEN_GAS,4.045321094177287e-07,3.145375926594675e-08,
YEAR_2030,TS_DEC_ADVCOGEN_H2,4.045321094177287e-07,3.145375926594675e-08,
YEAR_2030,TS_DEC_BOILER_GAS,4.045321094177287e-07,3.145375926594675e-08,
YEAR_2030,TS_DEC_BOILER_WOOD,4.045321094177287e-07,3.145375926594675e-08,
YEAR_2030,TS_DEC_BOILER_OIL,4.045321094177287e-07,3.145375926594675e-08,
YEAR_2030,TS_HIGH_TEMP,3.971538530988505e-07,5.233231719218603e-08,
YEAR_2030,GAS_STORAGE,3.193465294906198,1.247738261464808,
YEAR_2030,H2_STORAGE,2.571621814057068e-06,1.799538135128384e-06,
YEAR_2030,CO2_STORAGE,5.628864421159415e-06,7.427397104014714e-07,
YEAR_2030,GASOLINE_STORAGE,4.609830602621266e-06,2.032616603758794e-06,
YEAR_2030,DIESEL_STORAGE,4.608672087467965e-06,2.032105778667962e-06,
YEAR_2030,METHANOL_STORAGE,0.08430193664027896,0.03717132600200471,
YEAR_2030,AMMONIA_STORAGE,4.5962877666812926e-06,2.026645149367841e-06,
YEAR_2030,LFO_STORAGE,4.610361680726342e-06,2.032850772488043e-06,
YEAR_2030,TS_COLD,5.279086346516501e-06,7.035905649597935e-07,
YEAR_2030,DHN,270.4337178000059,,
YEAR_2030,GRID,5352.988545644475,,
YEAR_2030,HVAC_LINE,3.0318099005121435e-07,8.682111021280243e-08,
YEAR_2030,H2_ELECTROLYSIS,8.608786818791579e-07,2.240384569601009e-07,
YEAR_2030,SMR,2.125220282506245e-06,2.414498871502262e-06,
YEAR_2030,H2_BIOMASS,1.02972230328628e-06,8.931169506800842e-07,
YEAR_2030,GASIFICATION_SNG,1.088801263408022e-06,9.449746455243898e-07,
YEAR_2030,SYN_METHANATION,4.420755445602095e-07,1.617299531382316e-06,
YEAR_2030,BIOMETHANATION,2.199615085363924e-05,3.384150300197644e-06,
YEAR_2030,BIO_HYDROLYSIS,3.4229643753898576e-06,2.208562614286993e-06,
YEAR_2030,PYROLYSIS_TO_LFO,1.5544919526247056e-06,8.698641150894909e-07,
YEAR_2030,PYROLYSIS_TO_FUELS,1.305315960444196e-06,4.473831481755247e-07,
YEAR_2030,ATM_CCS,1.6167287040245246e-06,5.746313504552984e-07,
YEAR_2030,INDUSTRY_CCS,1.6834198966990783e-06,5.983341505529563e-07,
YEAR_2030,AMMONIA_TO_H2,9.448722854182696e-07,1.073485457312575e-06,
YEAR_2030,ELECTRICITY,,,3.407477084252779e-06
YEAR_2030,GASOLINE,,,1619.019958418177
YEAR_2030,DIESEL,,,3643.366581117251
YEAR_2030,BIOETHANOL,,,2.239078375581125e-06
YEAR_2030,BIODIESEL,,,2.238839242841631e-06
YEAR_2030,LFO,,,1707.219920157722
YEAR_2030,GAS,,,2479.288982351687
YEAR_2030,GAS_RE,,,1.44700090397762e-07
YEAR_2030,WOOD,,,0.0001001973204168466
YEAR_2030,WET_BIOMASS,,,4.355044302490654e-05
YEAR_2030,LOCAL_COAL,,,188.7394417345222
YEAR_2030,WASTE,,,232.288596260792
YEAR_2030,H2,,,2.300501978999922e-07
YEAR_2030,H2_RE,,,1.605611832802568e-07
YEAR_2030,AMMONIA_RE,,,2.670595718645895e-06
YEAR_2030,METHANOL,,,3.722092539894891e-06
YEAR_2030,METHANOL_RE,,,2.787024793567509e-06
YEAR_2035,CCGT,61.36671189197653,19.13489001436734,
YEAR_2035,CCGT_AMMONIA,1.9041234311792816e-06,5.937289339134216e-07,
YEAR_2035,LOCAL_COAL_CENTRAL,0.00023671145454802337,4.888312245918448e-05,
YEAR_2035,PV,453.86325927793735,140.4437999870951,
YEAR_2035,WIND_ONSHORE,306.17202677909586,67.27999996689252,
YEAR_2035,WIND_OFFSHORE,428.1228460983326,227.5199999640378,
YEAR_2035,HYDRO_DAM,3268.2360241359515,233.9600519831246,
YEAR_2035,HYDRO_RIVER,1585.5262072795165,227.0015918305361,
YEAR_2035,GEOTHERMAL,108.66961953698882,26.63899068547062,
YEAR_2035,IND_COGEN_GAS,45.74660622478431,36.20274361353874,
YEAR_2035,IND_COGEN_WOOD,2.3414420409034146e-06,1.055421652684692e-06,
YEAR_2035,IND_COGEN_WASTE,2.4511366906628376e-06,1.112492686389532e-06,
YEAR_2035,IND_BOILER_GAS,24.589134994383922,5.016359323880732,
YEAR_2035,IND_BOILER_WOOD,3.452568547994832e-05,7.030994179634341e-06,
YEAR_2035,IND_BOILER_OIL,1.6894123146000401e-06,3.699702414443321e-07,
YEAR_2035,IND_BOILER_COAL,0.04313983821535206,0.008785226047971328,
YEAR_2035,IND_BOILER_WASTE,12.173518585879776,2.479080056866673,
YEAR_2035,IND_DIRECT_ELEC,2.1030856011698653e-06,9.028496843439261e-08,
YEAR_2035,DHN_HP_ELEC,139.80937418527455,58.36692638368137,
YEAR_2035,DHN_COGEN_GAS,3.5287922353489313e-06,1.270237174590225e-06,
YEAR_2035,DHN_COGEN_WOOD,3.7886475938545374e-06,1.707759848457756e-06,
YEAR_2035,DHN_COGEN_WET_BIOMASS,7.084174831150134e-06,7.09813914680724e-06,
YEAR_2035,DHN_COGEN_BIO_HYDROLYSIS,5.633594481149102e-06,2.605056617115326e-06,
YEAR_2035,DHN_COGEN_WASTE,2.0540766232922102e-06,9.322797987566898e-07,
YEAR_2035,DHN_BOILER_GAS,1.6357586161420685e-06,3.337064515517374e-07,
YEAR_2035,DHN_BOILER_WOOD,1.7884179715110528e-06,3.642029455360284e-07,
YEAR_2035,DHN_BOILER_OIL,4.0023394534763497e-07,8.764861491467109e-08,
YEAR_2035,DEC_HP_ELEC,6.65628771755356e-06,2.916780426819056e-06,
YEAR_2035,DEC_THHP_GAS,612.3167614164233,198.7675467332468,
YEAR_2035,DEC_COGEN_GAS,3.488236557202964e-06,2.490321974070465e-06,
YEAR_2035,DEC_COGEN_OIL,4.291787977815603e-06,2.924580229167549e-06,
YEAR_2035,DEC_ADVCOGEN_GAS,4.128266953255159e-06,8.544904515772339e-07,
YEAR_2035,DEC_ADVCOGEN_H2,3.764907557208341e-06,7.792804087363619e-07,
YEAR_2035,DEC_BOILER_GAS,0.00022328233711211998,6.821747232043122e-05,
YEAR_2035,DEC_BOILER_WOOD,4.159866343746671e-06,1.482122560924241e-06,
YEAR_2035,DEC_BOILER_OIL,2.8929897855802555e-06,1.766888506231799e-06,
YEAR_2035,DEC_DIRECT_ELEC,24.87588139926825,1.028914272755792,
YEAR_2035,IND_ELEC_COLD,2.919420425499719,0.2630822018577785,
YEAR_2035,DEC_THHP_GAS_COLD,7.099672407006365,2.368907968037851,
YEAR_2035,DEC_ELEC_COLD,58.358402900490994,26.20591167646601,
YEAR_2035,TRAMWAY_TROLLEY,168.21025188502367,44.39134589989185,
YEAR_2035,BUS_COACH_DIESEL,1938.2999530888956,917.1441616220645,
YEAR_2035,BUS_COACH_GASOLINE,5.64592344314796e-06,2.671478021034039e-06,
YEAR_2035,BUS_COACH_HYDIESEL,3.0065143029834276e-06,1.138074858198618e-06,
YEAR_2035,BUS_COACH_CNG_STOICH,5357.4348293711555,2534.974046301856,
YEAR_2035,BUS_COACH_FC_HYBRIDH2,1.4551970673509257e-06,4.131307317954079e-07,
YEAR_2035,TRAIN_PUB,3.555955510326245e-06,1.837555516504052e-06,
YEAR_2035,CAR_GASOLINE,2.534544993820358e-06,1.0453345273685e-06,
YEAR_2035,CAR_DIESEL,2.133607885706596e-06,8.51293178223561e-07,
YEAR_2035,CAR_NG,2.7772597118008385e-06,1.121189519398716e-06,
YEAR_2035,CAR_METHANOL,1.3410832572410744e-06,5.531093889782684e-07,
YEAR_2035,CAR_HEV,1.463863070510445e-06,8.37144297281044e-07,
YEAR_2035,CAR_PHEV,2.611664943244525e-06,1.405310832560675e-06,
YEAR_2035,CAR_BEV,8358.33786924085,1391.532798297077,
YEAR_2035,CAR_FUEL_CELL,1.3111751858869563e-06,1.408379397098288e-07,
YEAR_2035,MOTORCYCLE,448.4379367168103,184.9828818618541,
YEAR_2035,MOTORCYCLE_ELECTRIC,8.839046030581788e-06,1.471424863198479e-06,
YEAR_2035,TRAIN_FREIGHT,109.72354460166935,31.41990241036795,
YEAR_2035,BOAT_FREIGHT_DIESEL,93.51626496726229,66.94901822145623,
YEAR_2035,BOAT_FREIGHT_NG,227.56328131375182,162.9143152000584,
YEAR_2035,BOAT_FREIGHT_METHANOL,7.512434816917776e-07,5.378210257022146e-07,
YEAR_2035,TRUCK_DIESEL,1.0434754570771747e-05,4.937412019808755e-06,
YEAR_2035,TRUCK_GASOLINE,2182.2637538399267,1032.581573004389,
YEAR_2035,TRUCK_FUEL_CELL,7.117362093210137e-06,2.020638119426884e-06,
YEAR_2035,TRUCK_NG,6.8412780379355435e-06,3.237087004419922e-06,
YEAR_2035,TRUCK_METHANOL,1.1205733414950326e-06,5.302216020367443e-07,
YEAR_2035,TRUCK_ELEC,1.2444060287438361e-06,3.532887542715559e-07,
YEAR_2035,HABER_BOSCH,2.1370554304530688e-06,4.640584707057453e-07,
YEAR_2035,OIL_TO_HVC,130.77330744258376,6.579412769764949,
YEAR_2035,GAS_TO_HVC,2.5671351007420705e-06,7.901349825198164e-07,
YEAR_2035,BIOMASS_TO_HVC,91.34972935827294,30.26866152547597,
YEAR_2035,METHANOL_TO_HVC,51.9698799959225,51.94864436819477,
YEAR_2035,SYN_METHANOLATION,3.4066694939988176e-06,1.073716406455421e-06,
YEAR_2035,METHANE_TO_METHANOL,68.58089456277784,36.91980420934817,
YEAR_2035,BIOMASS_TO_METHANOL,2.0281186693611906e-05,3.441387263177161e-06,
YEAR_2035,BATT_LI,3.301917802968737e-07,4.830898771986855e-09,
YEAR_2035,TS_DEC_HP_ELEC,5.59301952098907e-07,4.348764547668344e-08,
YEAR_2035,TS_DEC_DIRECT_ELEC,5.59301952098907e-07,4.348764547668344e-08,
YEAR_2035,TS_DHN_DAILY,5.971136365098919e-07,2.450911098744587e-08,
YEAR_2035,TS_DHN_SEASONAL,46.49006515282713,3.135642056971627,
YEAR_2035,TS_DEC_THHP_GAS,5.59301952098907e-07,4.348764547668344e-08,
YEAR_2035,TS_DEC_COGEN_GAS,5.59301952098907e-07,4.348764547668344e-08,
YEAR_2035,TS_DEC_COGEN_OIL,5.59301952098907e-07,4.348764547668344e-08,
YEAR_2035,TS_DEC_ADVCOGEN_GAS,5.59301952098907e-07,4.348764547668344e-08,
YEAR_2035,TS_DEC_ADVCOGEN_H2,5.59301952098907e-07,4.348764547668344e-08,
YEAR_2035,TS_DEC_BOILER_GAS,5.59301952098907e-07,4.348764547668344e-08,
YEAR_2035,TS_DEC_BOILER_WOOD,5.59301952098907e-07,4.348764547668344e-08,
YEAR_2035,TS_DEC_BOILER_OIL,5.59301952098907e-07,4.348764547668344e-08,
YEAR_2035,TS_HIGH_TEMP,5.466635111630065e-07,7.20329616352887e-08,
YEAR_2035,GAS_STORAGE,3.193465764385944,1.247738444898096,
YEAR_2035,H2_STORAGE,3.290127092488463e-06,2.302324991951819e-06,
YEAR_2035,CO2_STORAGE,8.682241428534663e-06,1.145638800612153e-06,
YEAR_2035,GASOLINE_STORAGE,5.8864988273970005e-06,2.595539030820399e-06,
YEAR_2035,DIESEL_STORAGE,5.887811419635241e-06,2.596117793253859e-06,
YEAR_2035,METHANOL_STORAGE,2.7668980064884236e-05,1.220010736554507e-05,
YEAR_2035,AMMONIA_STORAGE,5.890808773741678e-06,2.597439419198341e-06,
YEAR_2035,LFO_STORAGE,5.889724615232438e-06,2.596961380247032e-06,
YEAR_2035,TS_COLD,6.534119168604539e-06,8.708598980175279e-07,
YEAR_2035,DHN,270.4337307495623,,
YEAR_2035,GRID,5425.328023456354,,
YEAR_2035,HVAC_LINE,4.6603595033956575e-07,1.334574394018722e-07,
YEAR_2035,H2_ELECTROLYSIS,1.7488558295979835e-06,4.551285805439434e-07,
YEAR_2035,SMR,2.641036064226621e-06,3.000557477266656e-06,
YEAR_2035,H2_BIOMASS,1.548666981323665e-06,1.343212870462118e-06,
YEAR_2035,GASIFICATION_SNG,1.7822837511282921e-06,1.546851045888373e-06,
YEAR_2035,SYN_METHANATION,5.513447733331446e-07,2.017027586279709e-06,
YEAR_2035,BIOMETHANATION,47.04159157422745,7.237438069271218,
YEAR_2035,BIO_HYDROLYSIS,0.0004765653331745766,0.0003074888532406649,
YEAR_2035,PYROLYSIS_TO_LFO,4.740959686122021e-06,2.652947232538678e-06,
YEAR_2035,PYROLYSIS_TO_FUELS,1.8516006012514203e-06,6.346163927005542e-07,
YEAR_2035,ATM_CCS,2.3428595957867675e-06,8.327188162182705e-07,
YEAR_2035,INDUSTRY_CCS,2.5593921814185214e-06,9.096806447052244e-07,
YEAR_2035,AMMONIA_TO_H2,1.2786939518883759e-06,1.452761191126654e-06,
YEAR_2035,ELECTRICITY,,,1.717524270827836e-05
YEAR_2035,GASOLINE,,,1666.023503635391
YEAR_2035,DIESEL,,,1205.129071799425
YEAR_2035,BIOETHANOL,,,3.148616163327671e-06
YEAR_2035,BIODIESEL,,,3.127807115040057e-06
YEAR_2035,LFO,,,1696.807947381666
YEAR_2035,GAS,,,4154.261281710708
YEAR_2035,GAS_RE,,,2.334324830281172e-07
YEAR_2035,WOOD,,,398.4079586372595
YEAR_2035,WET_BIOMASS,,,76.00959036328688
YEAR_2035,LOCAL_COAL,,,0.2929993739418619
YEAR_2035,WASTE,,,238.8176272074772
YEAR_2035,H2,,,7.308462527123165e-07
YEAR_2035,H2_RE,,,3.339756048373761e-07
YEAR_2035,AMMONIA_RE,,,6.400573354982538e-06
YEAR_2035,METHANOL,,,249.1197268404306
YEAR_2035,METHANOL_RE,,,1.910065993808351e-05
YEAR_2040,CCGT,1.6668504076521887e-05,5.197447006271262e-06,
YEAR_2040,CCGT_AMMONIA,2.9148448543650347e-06,9.088849000795245e-07,
YEAR_2040,LOCAL_COAL_CENTRAL,0.00023387053243504146,4.829643737883734e-05,
YEAR_2040,PV,414.9587610633028,129.281599990956,
YEAR_2040,WIND_ONSHORE,301.018636305656,64.71999998455858,
YEAR_2040,WIND_OFFSHORE,630.383194283578,330.1899999666945,
YEAR_2040,HYDRO_DAM,3520.541498259266,252.0215999880988,
YEAR_2040,HYDRO_RIVER,1691.227954701174,242.1350313245169,
YEAR_2040,GEOTHERMAL,665.498548466114,163.1385598346263,
YEAR_2040,IND_COGEN_GAS,80.3821618453786,63.61224805130402,
YEAR_2040,IND_COGEN_WOOD,2.9692451048451233e-06,1.338402451781723e-06,
YEAR_2040,IND_COGEN_WASTE,3.4471089103496572e-06,1.564535580849104e-06,
YEAR_2040,IND_BOILER_GAS,29.382061810345025,5.994150658444386,
YEAR_2040,IND_BOILER_WOOD,3.3296461585508755e-05,6.780668489437934e-06,
YEAR_2040,IND_BOILER_OIL,2.351663026099813e-06,5.149988135180814e-07,
YEAR_2040,IND_BOILER_COAL,0.03529556485784571,0.007187776509942041,
YEAR_2040,IND_BOILER_WASTE,12.173518856514825,2.479080111980233,
YEAR_2040,IND_DIRECT_ELEC,2.8872239306389096e-06,1.239478418261979e-07,
YEAR_2040,DHN_HP_ELEC,140.64699782685432,58.71595944800499,
YEAR_2040,DHN_COGEN_GAS,3.894125114125785e-06,1.401738967409993e-06,
YEAR_2040,DHN_COGEN_WOOD,3.330862995895847e-06,1.501403569877587e-06,
YEAR_2040,DHN_COGEN_WET_BIOMASS,6.298212327196299e-06,6.31060986385383e-06,
YEAR_2040,DHN_COGEN_BIO_HYDROLYSIS,6.787674543575638e-06,3.138720638434084e-06,
YEAR_2040,DHN_COGEN_WASTE,2.728700521361182e-06,1.238472344849131e-06,
YEAR_2040,DHN_BOILER_GAS,7.44080000634012e-07,1.517976394755698e-07,
YEAR_2040,DHN_BOILER_WOOD,1.065562463710393e-06,2.169968061817556e-07,
YEAR_2040,DHN_BOILER_OIL,5.633460826865164e-07,1.233691055919595e-07,
YEAR_2040,DEC_HP_ELEC,1.8688109506488117e-05,8.189187292903387e-06,
YEAR_2040,DEC_THHP_GAS,673.8588162850654,218.7414049524466,
YEAR_2040,DEC_COGEN_GAS,4.879737009511272e-06,3.48372965840178e-06,
YEAR_2040,DEC_COGEN_OIL,3.7555874630431055e-06,2.559189987120143e-06,
YEAR_2040,DEC_ADVCOGEN_GAS,6.24930019049413e-06,1.293512525859868e-06,
YEAR_2040,DEC_ADVCOGEN_H2,5.651715533748251e-06,1.169821358017066e-06,
YEAR_2040,DEC_BOILER_GAS,0.00022390208024692605,6.840681694433302e-05,
YEAR_2040,DEC_BOILER_WOOD,5.715173348371853e-06,2.03626430737331e-06,
YEAR_2040,DEC_BOILER_OIL,3.7020256348375728e-06,2.261005751410914e-06,
YEAR_2040,DEC_DIRECT_ELEC,24.421668575409875,1.01020670413232,
YEAR_2040,IND_ELEC_COLD,3.3133036471603514,0.2978647122636932,
YEAR_2040,DEC_THHP_GAS_COLD,7.032697349436493,2.345581267519843,
YEAR_2040,DEC_ELEC_COLD,65.88649377749437,29.60198308833257,
YEAR_2040,TRAMWAY_TROLLEY,176.4301782809209,46.56061674886089,
YEAR_2040,BUS_COACH_DIESEL,2409.9077631887412,1129.116259250854,
YEAR_2040,BUS_COACH_GASOLINE,2.929976101685808e-05,1.372784347253367e-05,
YEAR_2040,BUS_COACH_HYDIESEL,4.998037054462093e-06,1.873748130746799e-06,
YEAR_2040,BUS_COACH_CNG_STOICH,5302.766579904566,2491.696510585486,
YEAR_2040,BUS_COACH_FC_HYBRIDH2,1.831132054822609e-06,5.23507373518675e-07,
YEAR_2040,TRAIN_PUB,1.9612937783270243e-05,1.013507112612679e-05,
YEAR_2040,CAR_GASOLINE,2.6272494240121284e-06,1.072949086982957e-06,
YEAR_2040,CAR_DIESEL,2.4848320369268354e-06,9.817123517775041e-07,
YEAR_2040,CAR_NG,2.8869908411883325e-06,1.157401806488974e-06,
YEAR_2040,CAR_METHANOL,1.6967050007384058e-06,6.929216787653144e-07,
YEAR_2040,CAR_HEV,1.9029591931498318e-06,1.07778530188159e-06,
YEAR_2040,CAR_PHEV,2.980500659658335e-06,1.603075116230506e-06,
YEAR_2040,CAR_BEV,8531.362762940558,1459.53279802432,
YEAR_2040,CAR_FUEL_CELL,2.012541439619703e-06,2.399908608925861e-07,
YEAR_2040,MOTORCYCLE,475.0072495666148,194.0224356871229,
YEAR_2040,MOTORCYCLE_ELECTRIC,9.988291070938946e-06,1.708884501487466e-06,
YEAR_2040,TRAIN_FREIGHT,127.28663369344946,36.44918347571855,
YEAR_2040,BOAT_FREIGHT_DIESEL,146.35212401885082,103.7424903890549,
YEAR_2040,BOAT_FREIGHT_NG,229.14213405487385,162.9143154029364,
YEAR_2040,BOAT_FREIGHT_METHANOL,9.812193418411333e-07,6.955426087796103e-07,
YEAR_2040,TRUCK_DIESEL,1.3185431619693403e-05,6.17769047015112e-06,
YEAR_2040,TRUCK_GASOLINE,2556.6751402726063,1197.863528846818,
YEAR_2040,TRUCK_FUEL_CELL,8.936028654127088e-06,2.554746940936971e-06,
YEAR_2040,TRUCK_NG,7.382587269056027e-06,3.469007828258491e-06,
YEAR_2040,TRUCK_METHANOL,1.4080845200547512e-06,6.597213175575832e-07,
YEAR_2040,TRUCK_ELEC,1.6331750748760562e-06,4.731470086063057e-07,
YEAR_2040,HABER_BOSCH,2.8145388933504263e-06,6.111731891599512e-07,
YEAR_2040,OIL_TO_HVC,129.11874070562422,6.496193024276788,
YEAR_2040,GAS_TO_HVC,3.00174372626599e-06,9.239063492267575e-07,
YEAR_2040,BIOMASS_TO_HVC,81.59616936588161,27.03682703453579,
YEAR_2040,METHANOL_TO_HVC,105.78619998922794,105.7428189614104,
YEAR_2040,SYN_METHANOLATION,3.850565937500257e-06,1.213622731579187e-06,
YEAR_2040,METHANE_TO_METHANOL,58.74642015046671,31.62551089186424,
YEAR_2040,BIOMASS_TO_METHANOL,1.812393471751053e-05,3.075336716620267e-06,
YEAR_2040,BATT_LI,4.917831737850444e-07,7.195142108137404e-09,
YEAR_2040,TS_DEC_HP_ELEC,7.133616066605261e-07,5.546631212480421e-08,
YEAR_2040,TS_DEC_DIRECT_ELEC,7.133616066605261e-07,5.546631212480421e-08,
YEAR_2040,TS_DHN_DAILY,8.749151825677594e-07,3.591174611166237e-08,
YEAR_2040,TS_DHN_SEASONAL,67.12302334603093,4.547738829360489,
YEAR_2040,TS_DEC_THHP_GAS,7.133616066605261e-07,5.546631212480421e-08,
YEAR_2040,TS_DEC_COGEN_GAS,7.133616066605261e-07,5.546631212480421e-08,
YEAR_2040,TS_DEC_COGEN_OIL,7.133616066605261e-07,5.546631212480421e-08,
YEAR_2040,TS_DEC_ADVCOGEN_GAS,7.133616066605261e-07,5.546631212480421e-08,
YEAR_2040,TS_DEC_ADVCOGEN_H2,7.133616066605261e-07,5.546631212480421e-08,
YEAR_2040,TS_DEC_BOILER_GAS,7.133616066605261e-07,5.546631212480421e-08,
YEAR_2040,TS_DEC_BOILER_WOOD,7.133616066605261e-07,5.546631212480421e-08,
YEAR_2040,TS_DEC_BOILER_OIL,7.133616066605261e-07,5.546631212480421e-08,
YEAR_2040,TS_HIGH_TEMP,7.112462636001096e-07,9.371976320525295e-08,
YEAR_2040,GAS_STORAGE,3.1934661039006422,1.247738577551951,
YEAR_2040,H2_STORAGE,4.62803390669942e-06,3.238549097790468e-06,
YEAR_2040,CO2_STORAGE,1.3768687759781607e-05,1.816805379228168e-06,
YEAR_2040,GASOLINE_STORAGE,8.51360142576602e-06,3.753909656887731e-06,
YEAR_2040,DIESEL_STORAGE,8.51369322724253e-06,3.753950134992348e-06,
YEAR_2040,METHANOL_STORAGE,2.557882137012661e-05,1.127849188036013e-05,
YEAR_2040,AMMONIA_STORAGE,8.706707571824997e-06,3.839056117268326e-06,
YEAR_2040,LFO_STORAGE,8.516664226510406e-06,3.755260140275017e-06,
YEAR_2040,TS_COLD,9.140860423070756e-06,1.218283378435524e-06,
YEAR_2040,DHN,279.3379865563969,,
YEAR_2040,GRID,5484.622676953886,,
YEAR_2040,HVAC_LINE,6.653326561466259e-07,1.905294915018417e-07,
YEAR_2040,H2_ELECTROLYSIS,2.3626141753144346e-06,6.148543940636748e-07,
YEAR_2040,SMR,2.797642066761528e-06,3.178469348101313e-06,
YEAR_2040,H2_BIOMASS,2.0347938138778343e-06,1.764848399662788e-06,
YEAR_2040,GASIFICATION_SNG,2.456725082049369e-06,2.13220186278279e-06,
YEAR_2040,SYN_METHANATION,7.496770974686609e-07,2.742677406710059e-06,
YEAR_2040,BIOMETHANATION,45.86751953819313,7.056803150836063,
YEAR_2040,BIO_HYDROLYSIS,14.210125146930123,9.168629087490142,
YEAR_2040,PYROLYSIS_TO_LFO,4.363279863525974e-06,2.441601040729154e-06,
YEAR_2040,PYROLYSIS_TO_FUELS,2.5070630086640477e-06,8.592691543500631e-07,
YEAR_2040,ATM_CCS,3.470738283603298e-06,1.233598772402856e-06,
YEAR_2040,INDUSTRY_CCS,3.862975427573115e-06,1.373013664937489e-06,
YEAR_2040,AMMONIA_TO_H2,1.9369991846424227e-06,2.200671990470172e-06,
YEAR_2040,ELECTRICITY,,,0.4322479653895833
YEAR_2040,GASOLINE,,,1766.836430489682
YEAR_2040,DIESEL,,,1472.019805827639
YEAR_2040,BIOETHANOL,,,4.293823925667547e-06
YEAR_2040,BIODIESEL,,,4.366995649252565e-06
YEAR_2040,LFO,,,1648.974484383342
YEAR_2040,GAS,,,3967.02107552102
YEAR_2040,GAS_RE,,,4.654814749883875e-07
YEAR_2040,WOOD,,,403.9060836792793
YEAR_2040,WET_BIOMASS,,,87.10774549237824
YEAR_2040,LOCAL_COAL,,,0.3840363031087545
YEAR_2040,WASTE,,,245.3466670305363
YEAR_2040,H2,,,9.250572495644827e-06
YEAR_2040,H2_RE,,,8.468887329165344e-07
YEAR_2040,AMMONIA_RE,,,1.472553779070781e-05
YEAR_2040,METHANOL,,,1305.424314403899
YEAR_2040,METHANOL_RE,,,0.0002673152917592269
YEAR_2045,CCGT,6.402592043788268e-06,1.996409413089399e-06,
YEAR_2045,CCGT_AMMONIA,5.090189628697252e-06,1.587185692863315e-06,
YEAR_2045,LOCAL_COAL_CENTRAL,0.00023122219714177383,4.774952327797852e-05,
YEAR_2045,PV,474.8058558836507,148.5999999897477,
YEAR_2045,WIND_ONSHORE,336.15111852491776,73.00319998019468,
YEAR_2045,WIND_OFFSHORE,617.6725080743194,324.2399999758801,
YEAR_2045,HYDRO_DAM,3816.853741037047,273.2334179876431,
YEAR_2045,HYDRO_RIVER,1856.8273586322853,265.8440864798084,
YEAR_2045,GEOTHERMAL,650.0220076080733,159.3446399308005,
YEAR_2045,IND_COGEN_GAS,236.19198776968145,186.916586033878,
YEAR_2045,IND_COGEN_WOOD,4.858495129259871e-06,2.190002716926101e-06,
YEAR_2045,IND_COGEN_WASTE,5.327698922908385e-06,2.418072903793638e-06,
YEAR_2045,IND_BOILER_GAS,26.733566916484875,5.453838766297698,
YEAR_2045,IND_BOILER_WOOD,3.0559443966598097,0.6223287667577241,
YEAR_2045,IND_BOILER_OIL,3.893112544297933e-06,8.525661708135803e-07,
YEAR_2045,IND_BOILER_COAL,0.03529666539910751,0.007188000630016664,
YEAR_2045,IND_BOILER_WASTE,12.173518818902986,2.47908010432076,
YEAR_2045,IND_DIRECT_ELEC,4.692911665240573e-06,2.014655900482369e-07,
YEAR_2045,DHN_HP_ELEC,150.1655256648542,62.69084505675458,
YEAR_2045,DHN_COGEN_GAS,5.34815205835241e-06,1.925143321891705e-06,
YEAR_2045,DHN_COGEN_WOOD,3.1898753087730064e-06,1.437859956017404e-06,
YEAR_2045,DHN_COGEN_WET_BIOMASS,5.435954061240225e-06,5.446638477649712e-06,
YEAR_2045,DHN_COGEN_BIO_HYDROLYSIS,1.2313427433094031e-05,5.693911065304722e-06,
YEAR_2045,DHN_COGEN_WASTE,4.091991757397896e-06,1.857224767068713e-06,
YEAR_2045,DHN_BOILER_GAS,9.60400951716505e-07,1.959286599511276e-07,
YEAR_2045,DHN_BOILER_WOOD,1.545983275340547e-06,3.148322548742539e-07,
YEAR_2045,DHN_BOILER_OIL,9.186515584497074e-07,2.011786796779172e-07,
YEAR_2045,DEC_HP_ELEC,8.446074626338021e-05,3.701050634643961e-05,
YEAR_2045,DEC_THHP_GAS,724.9015056619494,235.3141010767336,
YEAR_2045,DEC_COGEN_GAS,7.631621415883242e-06,5.448368392061452e-06,
YEAR_2045,DEC_COGEN_OIL,6.3558650994281355e-06,4.331104412391572e-06,
YEAR_2045,DEC_ADVCOGEN_GAS,1.0535785331486719e-05,2.180753838849932e-06,
YEAR_2045,DEC_ADVCOGEN_H2,1.0074762269952478e-05,2.08532879177399e-06,
YEAR_2045,DEC_BOILER_GAS,0.0002629572540488349,8.033899784256287e-05,
YEAR_2045,DEC_BOILER_WOOD,1.0491951050183754e-05,3.738186776833883e-06,
YEAR_2045,DEC_BOILER_OIL,9.095107548095861e-06,5.5548211990833e-06,
YEAR_2045,DEC_DIRECT_ELEC,23.967456325106987,0.9914991592300468,
YEAR_2045,IND_ELEC_COLD,3.790226113659967,0.3406056506961044,
YEAR_2045,DEC_THHP_GAS_COLD,3.6603350294253367,1.220253209773136,
YEAR_2045,DEC_ELEC_COLD,79.43735679654903,35.69140904455494,
YEAR_2045,TRAMWAY_TROLLEY,183.00225122887755,48.29501260311289,
YEAR_2045,BUS_COACH_DIESEL,2437.085414159609,1129.116260032629,
YEAR_2045,BUS_COACH_GASOLINE,3.486317522985599e-05,1.615231776436176e-05,
YEAR_2045,BUS_COACH_HYDIESEL,7.668430183953192e-06,2.845616366483269e-06,
YEAR_2045,BUS_COACH_CNG_STOICH,4707.196826825303,2189.467278948015,
YEAR_2045,BUS_COACH_FC_HYBRIDH2,3.0340440318064154e-06,8.675789269030151e-07,
YEAR_2045,TRAIN_PUB,1623.5097760643478,838.955756460405,
YEAR_2045,CAR_GASOLINE,3.3693217316782327e-06,1.360682382432414e-06,
YEAR_2045,CAR_DIESEL,2.925811047745478e-06,1.14303938192848e-06,
YEAR_2045,CAR_NG,3.635243212905058e-06,1.442630764962128e-06,
YEAR_2045,CAR_METHANOL,2.415982045557609e-06,9.756812995195453e-07,
YEAR_2045,CAR_HEV,2.5074030737558523e-06,1.405666859654454e-06,
YEAR_2045,CAR_PHEV,3.1605057692283628e-06,1.692403946704802e-06,
YEAR_2045,CAR_BEV,8770.346414277807,1513.900797419951,
YEAR_2045,CAR_FUEL_CELL,3.5666316735131024e-06,4.359211889674773e-07,
YEAR_2045,MOTORCYCLE,428.85432479927,173.2199775848373,
YEAR_2045,MOTORCYCLE_ELECTRIC,106.17029403867411,18.32687411799448,
YEAR_2045,TRAIN_FREIGHT,148.25032425381946,42.45224429515509,
YEAR_2045,BOAT_FREIGHT_DIESEL,210.62966587197536,147.6599886790824,
YEAR_2045,BOAT_FREIGHT_NG,231.4955196126886,162.91431660333,
YEAR_2045,BOAT_FREIGHT_METHANOL,1.7112817259993825e-06,1.199678303821542e-06,
YEAR_2045,TRUCK_DIESEL,1.4700647340458798e-05,6.810916857508869e-06,
YEAR_2045,TRUCK_GASOLINE,2588.5254757892326,1199.282684009602,
YEAR_2045,TRUCK_FUEL_CELL,445.4304987578337,127.3709179709183,
YEAR_2045,TRUCK_NG,5.691899193849853e-06,2.647506432070666e-06,
YEAR_2045,TRUCK_METHANOL,2.1042600663673265e-06,9.749189968770902e-07,
YEAR_2045,TRUCK_ELEC,2.6257973732534793e-06,7.676170598690616e-07,
YEAR_2045,HABER_BOSCH,1.7588820162469199,0.3819388862507174,
YEAR_2045,OIL_TO_HVC,137.89875470011717,6.937958246047339,
YEAR_2045,GAS_TO_HVC,4.313532576502653e-06,1.327649875758957e-06,
YEAR_2045,BIOMASS_TO_HVC,72.52992668038493,24.0327345967921,
YEAR_2045,METHANOL_TO_HVC,157.3395738121888,157.2748085642861,
YEAR_2045,SYN_METHANOLATION,9.444356790151975e-06,2.976671382313401e-06,
YEAR_2045,METHANE_TO_METHANOL,48.91194590348628,26.33121767219277,
YEAR_2045,BIOMASS_TO_METHANOL,1.66299603939396e-05,2.821833591466842e-06,
YEAR_2045,BATT_LI,7.047552301659799e-07,1.031121763985486e-08,
YEAR_2045,TS_DEC_HP_ELEC,9.531108770791425e-07,7.410764036643092e-08,
YEAR_2045,TS_DEC_DIRECT_ELEC,9.531108770791425e-07,7.410764036643092e-08,
YEAR_2045,TS_DHN_DAILY,1.4159240536268488e-06,5.81179823374538e-08,
YEAR_2045,TS_DHN_SEASONAL,72.12460742354685,4.909429133049663,
YEAR_2045,TS_DEC_THHP_GAS,9.531108770791425e-07,7.410764036643092e-08,
YEAR_2045,TS_DEC_COGEN_GAS,9.531108770791425e-07,7.410764036643092e-08,
YEAR_2045,TS_DEC_COGEN_OIL,9.531108770791425e-07,7.410764036643092e-08,
YEAR_2045,TS_DEC_ADVCOGEN_GAS,9.531108770791425e-07,7.410764036643092e-08,
YEAR_2045,TS_DEC_ADVCOGEN_H2,9.531108770791425e-07,7.410764036643092e-08,
YEAR_2045,TS_DEC_BOILER_GAS,9.531108770791425e-07,7.410764036643092e-08,
YEAR_2045,TS_DEC_BOILER_WOOD,9.531108770791425e-07,7.410764036643092e-08,
YEAR_2045,TS_DEC_BOILER_OIL,9.531108770791425e-07,7.410764036643092e-08,
YEAR_2045,TS_HIGH_TEMP,9.982803923107184e-07,1.315417834411428e-07,
YEAR_2045,GAS_STORAGE,3.193466126247922,1.247738586283392,
YEAR_2045,H2_STORAGE,8.728896296069927e-05,6.108200543522903e-05,
YEAR_2045,CO2_STORAGE,2.489101641198272e-05,3.284418479140826e-06,
YEAR_2045,GASOLINE_STORAGE,1.359673844690424e-05,5.995221670060511e-06,
YEAR_2045,DIESEL_STORAGE,1.3598075038163724e-05,5.995811014403211e-06,
YEAR_2045,METHANOL_STORAGE,2.4202933413623273e-05,1.067182041097682e-05,
YEAR_2045,AMMONIA_STORAGE,0.014688929457241151,0.006476802399040997,
YEAR_2045,LFO_STORAGE,1.3599567944044761e-05,5.996469282687498e-06,
YEAR_2045,TS_COLD,1.4881880150059348e-05,1.983439893790239e-06,
YEAR_2045,DHN,306.645026417484,,
YEAR_2045,GRID,5576.6479791238235,,
YEAR_2045,HVAC_LINE,1.0125932825272723e-06,2.89973566509539e-07,
YEAR_2045,H2_ELECTROLYSIS,3.824880061409123e-06,9.953974746812775e-07,
YEAR_2045,SMR,0.5369087615215836,0.6099925585174355,
YEAR_2045,H2_BIOMASS,3.1263557965764305e-06,2.711600075260834e-06,
YEAR_2045,GASIFICATION_SNG,3.870397803924943e-06,3.359135151793715e-06,
YEAR_2045,SYN_METHANATION,1.4577700027311728e-05,5.333145997395239e-05,
YEAR_2045,BIOMETHANATION,44.69342839276263,6.876165292385544,
YEAR_2045,BIO_HYDROLYSIS,147.22041026604828,94.98916585785453,
YEAR_2045,PYROLYSIS_TO_LFO,4.698184490483416e-06,2.629025748047183e-06,
YEAR_2045,PYROLYSIS_TO_FUELS,4.039598575359617e-06,1.384529403436351e-06,
YEAR_2045,ATM_CCS,6.4427730617490354e-06,2.289943895035355e-06,
YEAR_2045,INDUSTRY_CCS,4.0064330196794326e-05,1.423999688698076e-05,
YEAR_2045,AMMONIA_TO_H2,0.11444552443274565,0.1300238015519771,
YEAR_2045,ELECTRICITY,,,0.4647957429041615
YEAR_2045,GASOLINE,,,1585.656707522617
YEAR_2045,DIESEL,,,1492.908586734767
YEAR_2045,BIOETHANOL,,,8.031919374962131e-06
YEAR_2045,BIODIESEL,,,1.156674094328712e-05
YEAR_2045,LFO,,,1707.563807308562
YEAR_2045,GAS,,,3836.990677427385
YEAR_2045,GAS_RE,,,7.696685202227408e-07
YEAR_2045,WOOD,,,427.0793664037041
YEAR_2045,WET_BIOMASS,,,98.46129043170014
YEAR_2045,LOCAL_COAL,,,0.3636867147597395
YEAR_2045,WASTE,,,251.8756964335272
YEAR_2045,H2,,,309.3032423450122
YEAR_2045,H2_RE,,,1.962443725390626e-06
YEAR_2045,AMMONIA_RE,,,2.147550204311877e-05
YEAR_2045,METHANOL_RE,,,2979.365672679966
YEAR_2050,CCGT,1.3373684160869636e-05,4.170087627110682e-06,
YEAR_2050,CCGT_AMMONIA,1.2897378534455092e-05,4.021569374732173e-06,
YEAR_2050,LOCAL_COAL_CENTRAL,0.0002292911292504852,4.735073151223874e-05,
YEAR_2050,PV,451.4619385144718,141.7999999691376,
YEAR_2050,WIND_ONSHORE,509.2762425286433,111.8599999373545,
YEAR_2050,WIND_OFFSHORE,1123.5005261967885,591.2399999070565,
YEAR_2050,HYDRO_DAM,4077.9605684522576,291.9250199601052,
YEAR_2050,HYDRO_RIVER,1973.0992799873636,282.4908698073984,
YEAR_2050,GEOTHERMAL,634.544556858911,155.5507199119415,
YEAR_2050,IND_COGEN_GAS,230.4320656700346,182.3576448329997,
YEAR_2050,IND_COGEN_WOOD,1.2173072280464483e-05,5.487077330914082e-06,
YEAR_2050,IND_COGEN_WASTE,1.3272848669533467e-05,6.024135383323496e-06,
YEAR_2050,IND_BOILER_GAS,33.33199952841013,6.799966190600744,
YEAR_2050,IND_BOILER_WOOD,17.37033479876485,3.537387344252616,
YEAR_2050,IND_BOILER_OIL,1.205213829035871e-05,2.63933941683154e-06,
YEAR_2050,IND_BOILER_COAL,0.04237308795612297,0.00862908094802816,
YEAR_2050,IND_BOILER_WASTE,12.173521904642708,2.479080732717204,
YEAR_2050,IND_DIRECT_ELEC,1.656251949116214e-05,7.110250522478888e-07,
YEAR_2050,DHN_HP_ELEC,161.2355844945677,67.31157683635678,
YEAR_2050,DHN_COGEN_GAS,1.0716081963531886e-05,3.857392255296056e-06,
YEAR_2050,DHN_COGEN_WOOD,9.277496209360964e-06,4.181880955370736e-06,
YEAR_2050,DHN_COGEN_WET_BIOMASS,7.2081987719703946e-06,7.222400995922858e-06,
YEAR_2050,DHN_COGEN_BIO_HYDROLYSIS,1.8952286168520637e-05,8.763819112350964e-06,
YEAR_2050,DHN_COGEN_WASTE,1.0852297966502451e-05,4.925522304826742e-06,
YEAR_2050,DHN_BOILER_GAS,3.084410279528617e-06,6.292417471342861e-07,
YEAR_2050,DHN_BOILER_WOOD,4.895702793419282e-06,9.969869494913233e-07,
YEAR_2050,DHN_BOILER_OIL,2.8934249761552426e-06,6.336411353096162e-07,
YEAR_2050,DEC_HP_ELEC,310.5146160630764,136.0680350058364,
YEAR_2050,DEC_THHP_GAS,704.9625344513827,228.8375659773453,
YEAR_2050,DEC_COGEN_GAS,1.689780161660618e-05,1.206363632715283e-05,
YEAR_2050,DEC_COGEN_OIL,1.5839871067915388e-05,1.079381393024014e-05,
YEAR_2050,DEC_ADVCOGEN_GAS,2.7378780360236944e-05,5.667005481310323e-06,
YEAR_2050,DEC_ADVCOGEN_H2,2.8178571846489185e-05,5.832550574147233e-06,
YEAR_2050,DEC_BOILER_GAS,4.2160839944374846e-05,1.288102753272106e-05,
YEAR_2050,DEC_BOILER_WOOD,2.1460041134480456e-05,7.646017562941364e-06,
YEAR_2050,DEC_BOILER_OIL,1.5850054580707886e-05,9.680393412167656e-06,
YEAR_2050,DEC_DIRECT_ELEC,8.340790118542966,0.3449844750055004,
YEAR_2050,IND_ELEC_COLD,4.329167124765795,0.3888753517479441,
YEAR_2050,DEC_THHP_GAS_COLD,5.3048123004138726e-05,1.767707658852437e-05,
YEAR_2050,DEC_ELEC_COLD,94.14786849536648,42.32379265529757,
YEAR_2050,TRAMWAY_TROLLEY,187.8405969332055,49.57187103080781,
YEAR_2050,BUS_COACH_DIESEL,2035.317411934271,931.261601922303,
YEAR_2050,BUS_COACH_GASOLINE,358.13244927602204,163.8638752155071,
YEAR_2050,BUS_COACH_HYDIESEL,6.16165013668891e-05,2.257189480483538e-05,
YEAR_2050,BUS_COACH_CNG_STOICH,4171.691325406506,1920.950599953007,
YEAR_2050,BUS_COACH_FC_HYBRIDH2,1.2160171418873508e-05,3.430015683607403e-06,
YEAR_2050,TRAIN_PUB,3115.8982281815274,1610.153996987117,
YEAR_2050,CAR_GASOLINE,7.000198409415682e-06,2.791868744127255e-06,
YEAR_2050,CAR_DIESEL,6.410497662577708e-06,2.473312583225961e-06,
YEAR_2050,CAR_NG,7.502367106539952e-06,2.947456932064997e-06,
YEAR_2050,CAR_METHANOL,5.45852497058467e-06,2.177007616514908e-06,
YEAR_2050,CAR_HEV,5.491558105190108e-06,3.039195245432738e-06,
YEAR_2050,CAR_PHEV,6.648957907672243e-06,3.537584729775732e-06,
YEAR_2050,CAR_BEV,8921.542627987212,1553.926394154166,
YEAR_2050,CAR_FUEL_CELL,1.045729842965281e-05,1.310786066438039e-06,
YEAR_2050,MOTORCYCLE,7.550208641158028e-06,3.011740197195342e-06,
YEAR_2050,MOTORCYCLE_ELECTRIC,775.4472170781092,135.0629274773679,
YEAR_2050,TRAIN_FREIGHT,173.15573748864043,49.58403771441412,
YEAR_2050,BOAT_FREIGHT_DIESEL,288.6724562203012,199.8351248093094,
YEAR_2050,BOAT_FREIGHT_NG,233.84890619470463,162.9143184930878,
YEAR_2050,BOAT_FREIGHT_METHANOL,4.670301653057127e-06,3.233042479894763e-06,
YEAR_2050,TRUCK_DIESEL,2.872693822533653e-05,1.314397699357172e-05,
YEAR_2050,TRUCK_GASOLINE,1999.0285644507621,914.6531821292175,
YEAR_2050,TRUCK_FUEL_CELL,1648.094012514143,464.8816838898766,
YEAR_2050,TRUCK_NG,1.5414656251918013e-05,7.098086220762529e-06,
YEAR_2050,TRUCK_METHANOL,6.69024233059435e-06,3.06111255522504e-06,
YEAR_2050,TRUCK_ELEC,1.1668368986045234e-05,3.432636959425542e-06,
YEAR_2050,HABER_BOSCH,5.934438760529845,1.288655873552946,
YEAR_2050,OIL_TO_HVC,138.7971633105742,6.983187735256807,
YEAR_2050,GAS_TO_HVC,1.2348477643612814e-05,3.800718552987781e-06,
YEAR_2050,BIOMASS_TO_HVC,63.46368542729012,21.02864263367364,
YEAR_2050,METHANOL_TO_HVC,251.60973846105009,251.505759314607,
YEAR_2050,SYN_METHANOLATION,3.484780423674236e-05,1.098330329260545e-05,
YEAR_2050,METHANE_TO_METHANOL,39.077472535269,21.03692491678589,
YEAR_2050,BIOMASS_TO_METHANOL,2.403258402020528e-05,4.07793832766303e-06,
YEAR_2050,BATT_LI,2.514755449020013e-06,3.679165193310984e-08,
YEAR_2050,TS_DEC_HP_ELEC,3.0554902101637006e-06,2.375748457848726e-07,
YEAR_2050,TS_DEC_DIRECT_ELEC,3.0554902101637006e-06,2.375748457848726e-07,
YEAR_2050,TS_DHN_DAILY,4.788843332890782e-06,1.965627404413934e-07,
YEAR_2050,TS_DHN_SEASONAL,79.40055260638233,5.326363834684055,
YEAR_2050,TS_DEC_THHP_GAS,3.0554902101637006e-06,2.375748457848726e-07,
YEAR_2050,TS_DEC_COGEN_GAS,3.0554902101637006e-06,2.375748457848726e-07,
YEAR_2050,TS_DEC_COGEN_OIL,3.0554902101637006e-06,2.375748457848726e-07,
YEAR_2050,TS_DEC_ADVCOGEN_GAS,3.0554902101637006e-06,2.375748457848726e-07,
YEAR_2050,TS_DEC_ADVCOGEN_H2,3.0554902101637006e-06,2.375748457848726e-07,
YEAR_2050,TS_DEC_BOILER_GAS,3.0554902101637006e-06,2.375748457848726e-07,
YEAR_2050,TS_DEC_BOILER_WOOD,3.0554902101637006e-06,2.375748457848726e-07,
YEAR_2050,TS_DEC_BOILER_OIL,3.0554902101637006e-06,2.375748457848726e-07,
YEAR_2050,TS_HIGH_TEMP,3.106634768728681e-06,4.093562100653163e-07,
YEAR_2050,GAS_STORAGE,3.193466680598052,1.247738802876905,
YEAR_2050,H2_STORAGE,9.088719255743212e-05,6.359993063825607e-05,
YEAR_2050,CO2_STORAGE,7.452595618368351e-05,9.833846220417639e-06,
YEAR_2050,GASOLINE_STORAGE,3.8146571792269156e-05,1.68200009686589e-05,
YEAR_2050,DIESEL_STORAGE,3.8153304078336945e-05,1.682296944139082e-05,
YEAR_2050,METHANOL_STORAGE,3.784498719589045e-05,1.668702301114161e-05,
YEAR_2050,AMMONIA_STORAGE,0.05089700408813253,0.02244206013389967,
YEAR_2050,LFO_STORAGE,3.814097250914188e-05,1.681753207189572e-05,
YEAR_2050,TS_COLD,4.6311254566825245e-05,6.172310817793429e-06,
YEAR_2050,DHN,339.0101998187409,,
YEAR_2050,GRID,5777.301086277942,,
YEAR_2050,HVAC_LINE,3.0011619505989798e-06,8.594345326051205e-07,
YEAR_2050,H2_ELECTROLYSIS,4.3699684751470135e-05,1.137250310836879e-05,
YEAR_2050,SMR,1.801442663428709,2.046645189163308,
YEAR_2050,H2_BIOMASS,8.288872521290557e-06,7.189240351386853e-06,
YEAR_2050,GASIFICATION_SNG,1.0233444436126995e-05,8.881653527468594e-06,
YEAR_2050,SYN_METHANATION,2.4493233393598858e-05,8.960505040376393e-05,
YEAR_2050,BIOMETHANATION,43.5193562439093,6.695530356593803,
YEAR_2050,BIO_HYDROLYSIS,158.13430957132772,102.0315845255157,
YEAR_2050,PYROLYSIS_TO_LFO,1.1192843296719922e-05,6.263320266299515e-06,
YEAR_2050,PYROLYSIS_TO_FUELS,1.1649830189169486e-05,3.992855265454125e-06,
YEAR_2050,ATM_CCS,1.8516133280185428e-05,6.581156982308641e-06,
YEAR_2050,INDUSTRY_CCS,8.462716002940049e-05,3.007894443570488e-05,
YEAR_2050,AMMONIA_TO_H2,0.39604928136584766,0.4499573440967721,
YEAR_2050,ELECTRICITY,,,3.917504333939469e-05
YEAR_2050,GASOLINE,,,975.195527163755
YEAR_2050,DIESEL,,,1305.008298063635
YEAR_2050,BIOETHANOL,,,1.910212018449801e-05
YEAR_2050,BIODIESEL,,,2.455862664794127e-05
YEAR_2050,LFO,,,1564.12490162237
YEAR_2050,GAS,,,3110.790893377879
YEAR_2050,GAS_RE,,,2.357322724299575e-06
YEAR_2050,WOOD,,,497.2682658013277
YEAR_2050,WET_BIOMASS,,,111.4295168140943
YEAR_2050,LOCAL_COAL,,,0.4724152558639366
YEAR_2050,WASTE,,,258.4047360083609
YEAR_2050,H2,,,1098.131676705424
YEAR_2050,H2_RE,,,1.160916827896219e-05
YEAR_2050,AMMONIA_RE,,,0.0001229881699820191
YEAR_2050,METHANOL_RE,,,4717.454389702036
