Phases,Technologies,C_inv_phase_tech
2015_2020,AMMONIA_STORAGE,2.126837179898043e-06
2015_2020,AMMONIA_TO_H2,4.461364778053852e-07
2015_2020,ATM_CCS,7.299504192522593e-07
2015_2020,BATT_LI,-2.006998445417539e-07
2015_2020,BEV_BATT,0.0
2015_2020,BIOMASS_TO_HVC,0.0
2015_2020,BIOMASS_TO_METHANOL,5.109445424334025e-07
2015_2020,BIOMETHANATION,0.0
2015_2020,BIO_HYDROLYSIS,0.0
2015_2020,BOAT_FREIGHT_DIESEL,539.5157902330498
2015_2020,BOAT_FREIGHT_METHANOL,0.0
2015_2020,BOAT_FREIGHT_NG,0.0
2015_2020,BUS_COACH_CNG_STOICH,0.0
2015_2020,BUS_COACH_DIESEL,34452.58840822448
2015_2020,BUS_COACH_FC_HYBRIDH2,0.0
2015_2020,BUS_COACH_GASOLINE,11484.01152386182
2015_2020,BUS_COACH_HYDIESEL,0.0
2015_2020,CAR_BEV,0.0
2015_2020,CAR_DIESEL,1.42592849631016e-07
2015_2020,CAR_FUEL_CELL,0.0
2015_2020,CAR_GASOLINE,25815.45529359527
2015_2020,CAR_HEV,0.0
2015_2020,CAR_METHANOL,0.0
2015_2020,CAR_NG,12171.77019230204
2015_2020,CAR_PHEV,0.0
2015_2020,CCGT,1888.4945439007997
2015_2020,CCGT_AMMONIA,0.0
2015_2020,CO2_STORAGE,2.852866703817337e-06
2015_2020,COAL_IGCC,1767.506125467078
2015_2020,COAL_US,0.0
2015_2020,DAM_STORAGE,0.0
2015_2020,DEC_ADVCOGEN_GAS,0.0
2015_2020,DEC_ADVCOGEN_H2,0.0
2015_2020,DEC_BOILER_GAS,2212.222836722514
2015_2020,DEC_BOILER_OIL,0.0
2015_2020,DEC_BOILER_WOOD,3998.993917229845
2015_2020,DEC_COGEN_GAS,0.0
2015_2020,DEC_COGEN_OIL,378.5616878600388
2015_2020,DEC_DIRECT_ELEC,545.5933561860236
2015_2020,DEC_ELEC_COLD,288.1122391650471
2015_2020,DEC_HP_ELEC,0.0
2015_2020,DEC_SOLAR,0.0
2015_2020,DEC_THHP_GAS,0.004083614962762188
2015_2020,DEC_THHP_GAS_COLD,0.0
2015_2020,DHN,792.1016210645216
2015_2020,DHN_BOILER_GAS,0.0
2015_2020,DHN_BOILER_OIL,0.0
2015_2020,DHN_BOILER_WOOD,0.0
2015_2020,DHN_COGEN_BIO_HYDROLYSIS,0.0
2015_2020,DHN_COGEN_GAS,0.0
2015_2020,DHN_COGEN_WASTE,0.0
2015_2020,DHN_COGEN_WET_BIOMASS,0.0
2015_2020,DHN_COGEN_WOOD,1124.9765050353249
2015_2020,DHN_DEEP_GEO,0.0
2015_2020,DHN_HP_ELEC,0.0
2015_2020,DHN_SOLAR,0.0
2015_2020,DIESEL_STORAGE,2.093895244512632e-06
2015_2020,EFFICIENCY,0.0
2015_2020,GASIFICATION_SNG,0.0
2015_2020,GASOLINE_STORAGE,2.08507030437581e-06
2015_2020,GAS_STORAGE,30.96584476780686
2015_2020,GAS_TO_HVC,0.0
2015_2020,GEOTHERMAL,0.0
2015_2020,GRID,64156.143453420096
2015_2020,H2_BIOMASS,6.251674214173568e-07
2015_2020,H2_ELECTROLYSIS,5.098357151627484e-07
2015_2020,H2_STORAGE,1.144072601152961e-06
2015_2020,HABER_BOSCH,7.003833690637749e-07
2015_2020,HVAC_LINE,0.0
2015_2020,HYDRO_DAM,29281.40620680661
2015_2020,HYDRO_RIVER,16317.25868726041
2015_2020,INDUSTRY_CCS,7.581074304970141e-07
2015_2020,IND_BOILER_COAL,343.25337543719854
2015_2020,IND_BOILER_GAS,8.58245535238003
2015_2020,IND_BOILER_OIL,0.0
2015_2020,IND_BOILER_WASTE,0.0
2015_2020,IND_BOILER_WOOD,0.0
2015_2020,IND_COGEN_GAS,523.4288994612119
2015_2020,IND_COGEN_WASTE,0.0
2015_2020,IND_COGEN_WOOD,0.0
2015_2020,IND_DIRECT_ELEC,5.659890306161051e-07
2015_2020,IND_ELEC_COLD,19.00870425133886
2015_2020,LFO_STORAGE,2.092304242614814e-06
2015_2020,METHANE_TO_METHANOL,5.443142373137378e-07
2015_2020,METHANOL_STORAGE,1.390212842136261e-06
2015_2020,METHANOL_TO_HVC,0.0
2015_2020,MOTORCYCLE,2079.505329699116
2015_2020,MOTORCYCLE_ELECTRIC,0.0
2015_2020,NUCLEAR,7.187625315448817e-08
2015_2020,OIL_TO_HVC,1020.337769074753
2015_2020,PHEV_BATT,0.0
2015_2020,PHS,0.0
2015_2020,PV,103.89109692205064
2015_2020,PYROLYSIS_TO_FUELS,0.0
2015_2020,PYROLYSIS_TO_LFO,0.0
2015_2020,SMR,9.856394334195972e-07
2015_2020,SYN_METHANATION,3.400127437865385e-07
2015_2020,SYN_METHANOLATION,5.138589809218816e-07
2015_2020,TRAIN_FREIGHT,612.0557988054323
2015_2020,TRAIN_PUB,1.032269398806427e-06
2015_2020,TRAMWAY_TROLLEY,0.0
2015_2020,TRUCK_DIESEL,12567.21495829438
2015_2020,TRUCK_ELEC,0.0
2015_2020,TRUCK_FUEL_CELL,0.0
2015_2020,TRUCK_GASOLINE,12567.21495829433
2015_2020,TRUCK_METHANOL,0.0
2015_2020,TRUCK_NG,0.0
2015_2020,TS_COLD,2.283782245962935e-06
2015_2020,TS_DEC_ADVCOGEN_GAS,5.570008467349596e-08
2015_2020,TS_DEC_ADVCOGEN_H2,5.570008467349596e-08
2015_2020,TS_DEC_BOILER_GAS,5.570008467349596e-08
2015_2020,TS_DEC_BOILER_OIL,5.570008467349596e-08
2015_2020,TS_DEC_BOILER_WOOD,5.570008467349596e-08
2015_2020,TS_DEC_COGEN_GAS,5.570008467349596e-08
2015_2020,TS_DEC_COGEN_OIL,5.570008467349596e-08
2015_2020,TS_DEC_DIRECT_ELEC,5.570008467349596e-08
2015_2020,TS_DEC_HP_ELEC,5.570008467349596e-08
2015_2020,TS_DEC_THHP_GAS,5.570008467349596e-08
2015_2020,TS_DHN_DAILY,0.0
2015_2020,TS_DHN_SEASONAL,199.4506205108669
2015_2020,TS_HIGH_TEMP,7.154263079980918e-08
2015_2020,WIND_OFFSHORE,0.0
2015_2020,WIND_ONSHORE,2760.594193159153
2020_2025,AMMONIA_STORAGE,6.012522367929115e-07
2020_2025,AMMONIA_TO_H2,2.239139136421111e-07
2020_2025,ATM_CCS,3.825008967106077e-07
2020_2025,BATT_LI,1.809965595148949e-08
2020_2025,BEV_BATT,0.0
2020_2025,BIOMASS_TO_HVC,7.874718070400096e-07
2020_2025,BIOMASS_TO_METHANOL,6.438327999065108e-07
2020_2025,BIOMETHANATION,247.7052891934949
2020_2025,BIO_HYDROLYSIS,1.132987917933769e-06
2020_2025,BOAT_FREIGHT_DIESEL,1.543930221769195e-07
2020_2025,BOAT_FREIGHT_METHANOL,3.589268281908457e-07
2020_2025,BOAT_FREIGHT_NG,1586.291054027602
2020_2025,BUS_COACH_CNG_STOICH,2135.890067384167
2020_2025,BUS_COACH_DIESEL,1.08443472235783e-07
2020_2025,BUS_COACH_FC_HYBRIDH2,2.565870380878027e-07
2020_2025,BUS_COACH_GASOLINE,1.242568416123464e-07
2020_2025,BUS_COACH_HYDIESEL,3.370638838476684e-07
2020_2025,CAR_BEV,6.329639729385812e-06
2020_2025,CAR_DIESEL,1.017015509700756e-06
2020_2025,CAR_FUEL_CELL,2.611813078146833e-07
2020_2025,CAR_GASOLINE,4.708922209879756e-07
2020_2025,CAR_HEV,5.058708278659802e-07
2020_2025,CAR_METHANOL,1.66812970748516e-06
2020_2025,CAR_NG,2900.34857371699
2020_2025,CAR_PHEV,7.503567749153604e-07
2020_2025,CCGT,1.241469381652488e-07
2020_2025,CCGT_AMMONIA,5.888652076515105e-07
2020_2025,CO2_STORAGE,7.881224310915787e-07
2020_2025,COAL_IGCC,1.208016476836415e-07
2020_2025,COAL_US,0.0
2020_2025,DAM_STORAGE,0.0
2020_2025,DEC_ADVCOGEN_GAS,1.316217895639597e-06
2020_2025,DEC_ADVCOGEN_H2,1.25097514724256e-06
2020_2025,DEC_BOILER_GAS,1.030321435159007e-07
2020_2025,DEC_BOILER_OIL,7.183755490267066e-07
2020_2025,DEC_BOILER_WOOD,1.102752874823314e-07
2020_2025,DEC_COGEN_GAS,9.395697412768015e-07
2020_2025,DEC_COGEN_OIL,1.198498329750696e-07
2020_2025,DEC_DIRECT_ELEC,1.049323675967426e-07
2020_2025,DEC_ELEC_COLD,13.00946713079066
2020_2025,DEC_HP_ELEC,1.251638168116636e-06
2020_2025,DEC_SOLAR,2.289816971872552e-06
2020_2025,DEC_THHP_GAS,1.897261179082432e-07
2020_2025,DEC_THHP_GAS_COLD,4.990699894735172
2020_2025,DHN,1051.960624538395
2020_2025,DHN_BOILER_GAS,5.044736321039241e-07
2020_2025,DHN_BOILER_OIL,1.734093799392865e-07
2020_2025,DHN_BOILER_WOOD,5.622056646285529e-07
2020_2025,DHN_COGEN_BIO_HYDROLYSIS,7.732481226117338e-07
2020_2025,DHN_COGEN_GAS,6.315798261245199e-07
2020_2025,DHN_COGEN_WASTE,6.714286335448717e-07
2020_2025,DHN_COGEN_WET_BIOMASS,7.684260065127209e-07
2020_2025,DHN_COGEN_WOOD,1.200811415750654e-07
2020_2025,DHN_DEEP_GEO,0.0
2020_2025,DHN_HP_ELEC,761.6364495410444
2020_2025,DHN_SOLAR,1.329402989194423e-06
2020_2025,DIESEL_STORAGE,6.140864138759687e-07
2020_2025,EFFICIENCY,0.0
2020_2025,GASIFICATION_SNG,5.609360973374274e-07
2020_2025,GASOLINE_STORAGE,6.28142464084437e-07
2020_2025,GAS_STORAGE,3.665194401146322e-07
2020_2025,GAS_TO_HVC,6.117586371894556e-07
2020_2025,GEOTHERMAL,1.133650770389359e-06
2020_2025,GRID,5207.234614966545
2020_2025,H2_BIOMASS,3.041458014147271e-07
2020_2025,H2_ELECTROLYSIS,5.718939627871785e-07
2020_2025,H2_STORAGE,3.865886023550753e-07
2020_2025,HABER_BOSCH,3.095942259488104e-07
2020_2025,HVAC_LINE,1.185543273594167e-07
2020_2025,HYDRO_DAM,3154.936078238671
2020_2025,HYDRO_RIVER,2.267974196339297e-07
2020_2025,INDUSTRY_CCS,3.680590967813349e-07
2020_2025,IND_BOILER_COAL,71.43886081256277
2020_2025,IND_BOILER_GAS,1.144742631955218e-07
2020_2025,IND_BOILER_OIL,4.430755377949837e-07
2020_2025,IND_BOILER_WASTE,6.413299206569054e-07
2020_2025,IND_BOILER_WOOD,3.995207147004148e-07
2020_2025,IND_COGEN_GAS,1.275439925375964e-07
2020_2025,IND_COGEN_WASTE,7.438871565434639e-07
2020_2025,IND_COGEN_WOOD,6.311877346588698e-07
2020_2025,IND_DIRECT_ELEC,3.589084862976354e-07
2020_2025,IND_ELEC_COLD,1.398173032798982
2020_2025,LFO_STORAGE,6.418660157071459e-07
2020_2025,METHANE_TO_METHANOL,5.246566615980858e-07
2020_2025,METHANOL_STORAGE,1.022376045460297e-06
2020_2025,METHANOL_TO_HVC,6.688455656371791e-07
2020_2025,MOTORCYCLE,6.672040574638707e-07
2020_2025,MOTORCYCLE_ELECTRIC,347.3068787430298
2020_2025,NUCLEAR,0.0
2020_2025,OIL_TO_HVC,68.53442169680496
2020_2025,PHEV_BATT,0.0
2020_2025,PHS,0.0
2020_2025,PV,6945.854710131732
2020_2025,PYROLYSIS_TO_FUELS,8.196558552138232e-07
2020_2025,PYROLYSIS_TO_LFO,6.493395010892985e-07
2020_2025,SMR,2.72744034892656e-07
2020_2025,SYN_METHANATION,1.122534751656085e-07
2020_2025,SYN_METHANOLATION,5.484179014141749e-07
2020_2025,TRAIN_FREIGHT,256.472908798092
2020_2025,TRAIN_PUB,2.506795006268881e-07
2020_2025,TRAMWAY_TROLLEY,1226.551871050814
2020_2025,TRUCK_DIESEL,7.94528682764821e-08
2020_2025,TRUCK_ELEC,1.854750487729591e-07
2020_2025,TRUCK_FUEL_CELL,2.045590558581949e-07
2020_2025,TRUCK_GASOLINE,7.974004970301951e-08
2020_2025,TRUCK_METHANOL,1.668792882713668e-07
2020_2025,TRUCK_NG,1.974595345443292e-07
2020_2025,TS_COLD,8.733071450473375e-07
2020_2025,TS_DEC_ADVCOGEN_GAS,1.007269749899558e-07
2020_2025,TS_DEC_ADVCOGEN_H2,1.007269749899558e-07
2020_2025,TS_DEC_BOILER_GAS,1.007269749899558e-07
2020_2025,TS_DEC_BOILER_OIL,1.007269749899558e-07
2020_2025,TS_DEC_BOILER_WOOD,1.007269749899558e-07
2020_2025,TS_DEC_COGEN_GAS,1.007269749899558e-07
2020_2025,TS_DEC_COGEN_OIL,1.007269749899558e-07
2020_2025,TS_DEC_DIRECT_ELEC,1.007269749899558e-07
2020_2025,TS_DEC_HP_ELEC,1.007269749899558e-07
2020_2025,TS_DEC_THHP_GAS,1.007269749899558e-07
2020_2025,TS_DHN_DAILY,1.251248285471181e-07
2020_2025,TS_DHN_SEASONAL,200.269414931902
2020_2025,TS_HIGH_TEMP,1.149163828802615e-07
2020_2025,WIND_OFFSHORE,2.5023293542724e-06
2020_2025,WIND_ONSHORE,9.754021909433869e-08
2025_2030,AMMONIA_STORAGE,5.765304305735103e-07
2025_2030,AMMONIA_TO_H2,1.876976544290799e-07
2025_2030,ATM_CCS,3.747248761076217e-07
2025_2030,BATT_LI,3.927363999349401e-08
2025_2030,BEV_BATT,0.0
2025_2030,BIOMASS_TO_HVC,5.910777617861004e-07
2025_2030,BIOMASS_TO_METHANOL,6.1630579742022e-07
2025_2030,BIOMETHANATION,783.1646365530638
2025_2030,BIO_HYDROLYSIS,1.130412739159401e-06
2025_2030,BOAT_FREIGHT_DIESEL,1.27215545346668e-07
2025_2030,BOAT_FREIGHT_METHANOL,2.449429988169111e-07
2025_2030,BOAT_FREIGHT_NG,189.556045642535
2025_2030,BUS_COACH_CNG_STOICH,7002.164452765094
2025_2030,BUS_COACH_DIESEL,1.126267162650376e-07
2025_2030,BUS_COACH_FC_HYBRIDH2,2.282415466718126e-07
2025_2030,BUS_COACH_GASOLINE,9.088172067895343e-08
2025_2030,BUS_COACH_HYDIESEL,2.752407886962443e-07
2025_2030,CAR_BEV,28490.67905633245
2025_2030,CAR_DIESEL,1.827673717980254e-07
2025_2030,CAR_FUEL_CELL,1.517270480246602e-07
2025_2030,CAR_GASOLINE,2.682469631936501e-07
2025_2030,CAR_HEV,1.390991060660623e-07
2025_2030,CAR_METHANOL,1.751166627519498e-07
2025_2030,CAR_NG,2.196713570952371e-07
2025_2030,CAR_PHEV,2.45556277255177e-07
2025_2030,CCGT,1.061557152263898e-07
2025_2030,CCGT_AMMONIA,2.742255145047104e-07
2025_2030,CO2_STORAGE,1.035219213141372e-06
2025_2030,COAL_IGCC,9.512098567324024e-08
2025_2030,COAL_US,0.0
2025_2030,DAM_STORAGE,0.0
2025_2030,DEC_ADVCOGEN_GAS,5.349466359347305e-07
2025_2030,DEC_ADVCOGEN_H2,5.124649016257538e-07
2025_2030,DEC_BOILER_GAS,1.000757328597086e-07
2025_2030,DEC_BOILER_OIL,4.330349205498665e-07
2025_2030,DEC_BOILER_WOOD,9.219284609578268e-08
2025_2030,DEC_COGEN_GAS,3.961231881138866e-07
2025_2030,DEC_COGEN_OIL,1.256473434748316e-07
2025_2030,DEC_DIRECT_ELEC,130.5086954977706
2025_2030,DEC_ELEC_COLD,20.54662960520812
2025_2030,DEC_HP_ELEC,1.338398070013664e-06
2025_2030,DEC_SOLAR,4.111115577013823e-06
2025_2030,DEC_THHP_GAS,1.685373526087984e-07
2025_2030,DEC_THHP_GAS_COLD,3.297724577705799e-07
2025_2030,DHN,561.9651419104935
2025_2030,DHN_BOILER_GAS,1.540205335676411e-07
2025_2030,DHN_BOILER_OIL,7.757996298988286e-08
2025_2030,DHN_BOILER_WOOD,2.588724567630909e-07
2025_2030,DHN_COGEN_BIO_HYDROLYSIS,3.822173762291393e-07
2025_2030,DHN_COGEN_GAS,2.5143277417168e-07
2025_2030,DHN_COGEN_WASTE,2.776110244628169e-07
2025_2030,DHN_COGEN_WET_BIOMASS,2.489670631311478e-07
2025_2030,DHN_COGEN_WOOD,9.709109579240221e-08
2025_2030,DHN_DEEP_GEO,0.0
2025_2030,DHN_HP_ELEC,247.848344929825
2025_2030,DHN_SOLAR,9.591081150916957e-07
2025_2030,DIESEL_STORAGE,5.674423651535338e-07
2025_2030,EFFICIENCY,0.0
2025_2030,GASIFICATION_SNG,3.245754252133729e-07
2025_2030,GASOLINE_STORAGE,5.621139293989777e-07
2025_2030,GAS_STORAGE,1.291873875840355e-07
2025_2030,GAS_TO_HVC,2.911251178226217e-07
2025_2030,GEOTHERMAL,6.169302419072619e-07
2025_2030,GRID,4185.211976442712
2025_2030,H2_BIOMASS,2.893266832208345e-07
2025_2030,H2_ELECTROLYSIS,1.026658244060578e-06
2025_2030,H2_STORAGE,3.758140417029602e-07
2025_2030,HABER_BOSCH,3.03338895946293e-07
2025_2030,HVAC_LINE,9.708044964094584e-08
2025_2030,HYDRO_DAM,5.993324321958826e-07
2025_2030,HYDRO_RIVER,1.674018580154856e-07
2025_2030,INDUSTRY_CCS,3.647050557155194e-07
2025_2030,IND_BOILER_COAL,3.068562864889295
2025_2030,IND_BOILER_GAS,1.566166636393398e-07
2025_2030,IND_BOILER_OIL,3.280518745518335e-07
2025_2030,IND_BOILER_WASTE,22.8718087872555
2025_2030,IND_BOILER_WOOD,1.120004520833965e-06
2025_2030,IND_COGEN_GAS,1.105046828681762e-07
2025_2030,IND_COGEN_WASTE,3.115493234278073e-07
2025_2030,IND_COGEN_WOOD,3.107857408394877e-07
2025_2030,IND_DIRECT_ELEC,1.17983829657719e-06
2025_2030,IND_ELEC_COLD,1.348329381158601
2025_2030,LFO_STORAGE,5.647555692973532e-07
2025_2030,METHANE_TO_METHANOL,3.508965417409366e-07
2025_2030,METHANOL_STORAGE,6.135259414959756e-07
2025_2030,METHANOL_TO_HVC,3.220628024078598e-07
2025_2030,MOTORCYCLE,1.250160231105531e-07
2025_2030,MOTORCYCLE_ELECTRIC,2476.396939395736
2025_2030,NUCLEAR,0.0
2025_2030,OIL_TO_HVC,67.04887824714422
2025_2030,PHEV_BATT,0.0
2025_2030,PHS,0.0
2025_2030,PV,4631.880998581814
2025_2030,PYROLYSIS_TO_FUELS,6.91934262284501e-07
2025_2030,PYROLYSIS_TO_LFO,3.970691035870276e-07
2025_2030,SMR,2.582741171007224e-07
2025_2030,SYN_METHANATION,1.082342233297673e-07
2025_2030,SYN_METHANOLATION,4.169659066971971e-07
2025_2030,TRAIN_FREIGHT,65.82892884934456
2025_2030,TRAIN_PUB,3.184662348574959e-07
2025_2030,TRAMWAY_TROLLEY,114.4748839184671
2025_2030,TRUCK_DIESEL,1.990641423615768e-07
2025_2030,TRUCK_ELEC,2.714405933248828e-07
2025_2030,TRUCK_FUEL_CELL,6.376125209027858e-06
2025_2030,TRUCK_GASOLINE,2.118082275856561e-07
2025_2030,TRUCK_METHANOL,3.990799220553537e-07
2025_2030,TRUCK_NG,1.893568464569947e-06
2025_2030,TS_COLD,6.904178522849082e-07
2025_2030,TS_DEC_ADVCOGEN_GAS,9.941210859952947e-08
2025_2030,TS_DEC_ADVCOGEN_H2,9.941210859952947e-08
2025_2030,TS_DEC_BOILER_GAS,9.941210859952947e-08
2025_2030,TS_DEC_BOILER_OIL,9.941210859952947e-08
2025_2030,TS_DEC_BOILER_WOOD,9.941210859952947e-08
2025_2030,TS_DEC_COGEN_GAS,9.941210859952947e-08
2025_2030,TS_DEC_COGEN_OIL,9.941210859952947e-08
2025_2030,TS_DEC_DIRECT_ELEC,9.941210859952947e-08
2025_2030,TS_DEC_HP_ELEC,9.941210859952947e-08
2025_2030,TS_DEC_THHP_GAS,9.941210859952947e-08
2025_2030,TS_DHN_DAILY,1.500061769061179e-07
2025_2030,TS_DHN_SEASONAL,114.3208295766833
2025_2030,TS_HIGH_TEMP,9.646090448892922e-08
2025_2030,WIND_OFFSHORE,1.588467449245062e-06
2025_2030,WIND_ONSHORE,9.161851431085305e-08
2030_2035,AMMONIA_STORAGE,5.007483977521837e-07
2030_2035,AMMONIA_TO_H2,2.101459338860329e-07
2030_2035,ATM_CCS,4.657194880264544e-07
2030_2035,BATT_LI,6.884350269650278e-08
2030_2035,BEV_BATT,0.0
2030_2035,BIOMASS_TO_HVC,4.671122950112875e-07
2030_2035,BIOMASS_TO_METHANOL,4.927129310679129e-07
2030_2035,BIOMETHANATION,2.367670958611897e-07
2030_2035,BIO_HYDROLYSIS,2.878593766208056e-07
2030_2035,BOAT_FREIGHT_DIESEL,1.070095695406628e-07
2030_2035,BOAT_FREIGHT_METHANOL,2.273312350706594e-07
2030_2035,BOAT_FREIGHT_NG,160.8628835114095
2030_2035,BUS_COACH_CNG_STOICH,19637.12862287683
2030_2035,BUS_COACH_DIESEL,6.703326304864165e-06
2030_2035,BUS_COACH_FC_HYBRIDH2,2.535434777137101e-07
2030_2035,BUS_COACH_GASOLINE,1.108169714596843e-05
2030_2035,BUS_COACH_HYDIESEL,2.456597190471776e-07
2030_2035,CAR_BEV,4297.16803130171
2030_2035,CAR_DIESEL,2.260073064899014e-07
2030_2035,CAR_FUEL_CELL,2.128440514093783e-07
2030_2035,CAR_GASOLINE,2.27641954921264e-07
2030_2035,CAR_HEV,1.781594797605845e-07
2030_2035,CAR_METHANOL,2.566647681333788e-07
2030_2035,CAR_NG,3.920987671372209e-07
2030_2035,CAR_PHEV,3.925519774071147e-07
2030_2035,CCGT,1.035248217939073e-07
2030_2035,CCGT_AMMONIA,2.682320462061412e-07
2030_2035,CO2_STORAGE,1.2944936990062e-06
2030_2035,COAL_IGCC,8.71618101665399e-08
2030_2035,COAL_US,0.0
2030_2035,DAM_STORAGE,0.0
2030_2035,DEC_ADVCOGEN_GAS,4.132420625528547e-07
2030_2035,DEC_ADVCOGEN_H2,4.075074130096119e-07
2030_2035,DEC_BOILER_GAS,1.072842732657895e-06
2030_2035,DEC_BOILER_OIL,2.898922379110198e-07
2030_2035,DEC_BOILER_WOOD,8.724503575022911e-07
2030_2035,DEC_COGEN_GAS,2.963160958987562e-07
2030_2035,DEC_COGEN_OIL,1.256121156869533e-07
2030_2035,DEC_DIRECT_ELEC,318.741165722312
2030_2035,DEC_ELEC_COLD,16.6023075673066
2030_2035,DEC_HP_ELEC,2.90863481673243e-07
2030_2035,DEC_SOLAR,4.343383480817917e-07
2030_2035,DEC_THHP_GAS,1.177063198631815e-07
2030_2035,DEC_THHP_GAS_COLD,2.907274310591809e-07
2030_2035,DHN,167.6807753535529
2030_2035,DHN_BOILER_GAS,9.254661319716708e-08
2030_2035,DHN_BOILER_OIL,5.524886135396547e-08
2030_2035,DHN_BOILER_WOOD,8.02849268879927e-08
2030_2035,DHN_COGEN_BIO_HYDROLYSIS,2.284865437779499e-07
2030_2035,DHN_COGEN_GAS,2.743500041176102e-07
2030_2035,DHN_COGEN_WASTE,2.585227681738101e-07
2030_2035,DHN_COGEN_WET_BIOMASS,1.675765101500231e-07
2030_2035,DHN_COGEN_WOOD,8.887825650444547e-08
2030_2035,DHN_DEEP_GEO,0.0
2030_2035,DHN_HP_ELEC,65.7775331167983
2030_2035,DHN_SOLAR,6.487650722475051e-07
2030_2035,DIESEL_STORAGE,5.02335638467461e-07
2030_2035,EFFICIENCY,0.0
2030_2035,GASIFICATION_SNG,2.900358636589928e-07
2030_2035,GASOLINE_STORAGE,5.063228873100387e-07
2030_2035,GAS_STORAGE,1.011006917944713e-07
2030_2035,GAS_TO_HVC,2.978756119303767e-07
2030_2035,GEOTHERMAL,6.336613828585625e-07
2030_2035,GRID,4970.521440292888
2030_2035,H2_BIOMASS,2.752574847050862e-07
2030_2035,H2_ELECTROLYSIS,563.350245144614
2030_2035,H2_STORAGE,3.384234846976907e-07
2030_2035,HABER_BOSCH,3.007106787578641e-07
2030_2035,HVAC_LINE,8.668309342451797e-08
2030_2035,HYDRO_DAM,6.993216825480648e-07
2030_2035,HYDRO_RIVER,1.590419836036364e-07
2030_2035,INDUSTRY_CCS,4.953778103334469e-07
2030_2035,IND_BOILER_COAL,42.58435874016833
2030_2035,IND_BOILER_GAS,22.0430055649644
2030_2035,IND_BOILER_OIL,4.545082549033191e-07
2030_2035,IND_BOILER_WASTE,3.530450028598117e-06
2030_2035,IND_BOILER_WOOD,11.45360738866801
2030_2035,IND_COGEN_GAS,1.298110923406552e-07
2030_2035,IND_COGEN_WASTE,2.917690917645079e-07
2030_2035,IND_COGEN_WOOD,2.672506513954978e-07
2030_2035,IND_DIRECT_ELEC,324.9100542636224
2030_2035,IND_ELEC_COLD,1.14198589385537
2030_2035,LFO_STORAGE,5.11625221931507e-07
2030_2035,METHANE_TO_METHANOL,4.780958639410349e-07
2030_2035,METHANOL_STORAGE,5.405298251906854e-07
2030_2035,METHANOL_TO_HVC,4.019948605665248e-07
2030_2035,MOTORCYCLE,4.09010333528033e-07
2030_2035,MOTORCYCLE_ELECTRIC,373.5118517186002
2030_2035,NUCLEAR,0.0
2030_2035,OIL_TO_HVC,403.0842683302573
2030_2035,PHEV_BATT,0.0
2030_2035,PHS,0.0
2030_2035,PV,4724.359067266595
2030_2035,PYROLYSIS_TO_FUELS,3.979341622440072e-07
2030_2035,PYROLYSIS_TO_LFO,3.651086467548001e-07
2030_2035,SMR,2.254629154256648e-07
2030_2035,SYN_METHANATION,1.392458502121034e-07
2030_2035,SYN_METHANOLATION,4.759424088212486e-07
2030_2035,TRAIN_FREIGHT,55.1671779249456
2030_2035,TRAIN_PUB,1.494602323731069e-06
2030_2035,TRAMWAY_TROLLEY,95.93948062727475
2030_2035,TRUCK_DIESEL,2.203270433645737e-07
2030_2035,TRUCK_ELEC,1.644361756233869e-07
2030_2035,TRUCK_FUEL_CELL,6901.219629994999
2030_2035,TRUCK_GASOLINE,2.966096224999381e-07
2030_2035,TRUCK_METHANOL,1.708014997067578e-07
2030_2035,TRUCK_NG,2.492791694087963e-07
2030_2035,TS_COLD,6.134918532754009e-07
2030_2035,TS_DEC_ADVCOGEN_GAS,8.093790410737895e-08
2030_2035,TS_DEC_ADVCOGEN_H2,8.093790410737895e-08
2030_2035,TS_DEC_BOILER_GAS,8.093790410737895e-08
2030_2035,TS_DEC_BOILER_OIL,8.093790410737895e-08
2030_2035,TS_DEC_BOILER_WOOD,8.093790410737895e-08
2030_2035,TS_DEC_COGEN_GAS,8.093790410737895e-08
2030_2035,TS_DEC_COGEN_OIL,8.093790410737895e-08
2030_2035,TS_DEC_DIRECT_ELEC,8.093790410737895e-08
2030_2035,TS_DEC_HP_ELEC,8.093790410737895e-08
2030_2035,TS_DEC_THHP_GAS,8.093790410737895e-08
2030_2035,TS_DHN_DAILY,1.141602500825085e-07
2030_2035,TS_DHN_SEASONAL,32.96396488713487
2030_2035,TS_HIGH_TEMP,8.443539185102258e-08
2030_2035,WIND_OFFSHORE,9.403043731656098e-07
2030_2035,WIND_ONSHORE,1.166660865327028e-07
2035_2040,AMMONIA_STORAGE,1.32016557337164e-06
2035_2040,AMMONIA_TO_H2,4.07092799944262e-07
2035_2040,ATM_CCS,1.045394807857114e-06
2035_2040,BATT_LI,7.39232980763505e-08
2035_2040,BEV_BATT,0.0
2035_2040,BIOMASS_TO_HVC,600.0954827766791
2035_2040,BIOMASS_TO_METHANOL,1.651514011885506e-06
2035_2040,BIOMETHANATION,2.474750969746257e-07
2035_2040,BIO_HYDROLYSIS,8.061498860053993e-07
2035_2040,BOAT_FREIGHT_DIESEL,9.769316770527604e-08
2035_2040,BOAT_FREIGHT_METHANOL,2.891746249428169e-07
2035_2040,BOAT_FREIGHT_NG,66.82606220434508
2035_2040,BUS_COACH_CNG_STOICH,2.012235010418342e-06
2035_2040,BUS_COACH_DIESEL,1.354267026383407e-07
2035_2040,BUS_COACH_FC_HYBRIDH2,2.977634934038089e-07
2035_2040,BUS_COACH_GASOLINE,1.648837908361997e-07
2035_2040,BUS_COACH_HYDIESEL,2.209252141211996e-07
2035_2040,CAR_BEV,14512.70570819665
2035_2040,CAR_DIESEL,1.477631607212544e-07
2035_2040,CAR_FUEL_CELL,2.091167503514803e-07
2035_2040,CAR_GASOLINE,1.708060887840476e-07
2035_2040,CAR_HEV,1.398783734698816e-07
2035_2040,CAR_METHANOL,1.609386548477891e-07
2035_2040,CAR_NG,1.729656123330424e-07
2035_2040,CAR_PHEV,2.11566173166696e-07
2035_2040,CCGT,1.176733276840843e-07
2035_2040,CCGT_AMMONIA,3.373527804105484e-07
2035_2040,CO2_STORAGE,1.581613270793602e-06
2035_2040,COAL_IGCC,6.787016264784369e-08
2035_2040,COAL_US,0.0
2035_2040,DAM_STORAGE,0.0
2035_2040,DEC_ADVCOGEN_GAS,5.744764656884507e-07
2035_2040,DEC_ADVCOGEN_H2,6.315847416067253e-07
2035_2040,DEC_BOILER_GAS,3.894405742317596e-07
2035_2040,DEC_BOILER_OIL,4.999717831511577e-07
2035_2040,DEC_BOILER_WOOD,5.669849469754751e-07
2035_2040,DEC_COGEN_GAS,3.43242125775159e-07
2035_2040,DEC_COGEN_OIL,7.394811079998116e-07
2035_2040,DEC_DIRECT_ELEC,19.07633464735629
2035_2040,DEC_ELEC_COLD,81.04379548227139
2035_2040,DEC_HP_ELEC,1.188393089962796e-06
2035_2040,DEC_SOLAR,5.045141942977325e-06
2035_2040,DEC_THHP_GAS,1.51293585663808e-06
2035_2040,DEC_THHP_GAS_COLD,1.525167692547629e-07
2035_2040,DHN,68.57326057069317
2035_2040,DHN_BOILER_GAS,6.187085495370031e-08
2035_2040,DHN_BOILER_OIL,8.007994029389229e-08
2035_2040,DHN_BOILER_WOOD,1.209585605120915e-07
2035_2040,DHN_COGEN_BIO_HYDROLYSIS,3.562680453493208e-07
2035_2040,DHN_COGEN_GAS,2.119687469496509e-07
2035_2040,DHN_COGEN_WASTE,2.801215969281326e-07
2035_2040,DHN_COGEN_WET_BIOMASS,1.473407479785434e-07
2035_2040,DHN_COGEN_WOOD,1.103074059969332e-07
2035_2040,DHN_DEEP_GEO,0.0
2035_2040,DHN_HP_ELEC,26.5655516252609
2035_2040,DHN_SOLAR,1.283808090863651e-06
2035_2040,DIESEL_STORAGE,1.287957312113036e-06
2035_2040,EFFICIENCY,0.0
2035_2040,GASIFICATION_SNG,3.857526260818453e-07
2035_2040,GASOLINE_STORAGE,1.287471491800879e-06
2035_2040,GAS_STORAGE,3.061115489981554e-06
2035_2040,GAS_TO_HVC,3.175621786301067e-07
2035_2040,GEOTHERMAL,7.36785086011486e-07
2035_2040,GRID,1666.164823148298
2035_2040,H2_BIOMASS,3.033070058096571e-07
2035_2040,H2_ELECTROLYSIS,27.33784958486364
2035_2040,H2_STORAGE,7.010299155527905e-07
2035_2040,HABER_BOSCH,7.376197782188322e-07
2035_2040,HVAC_LINE,8.626260715168269e-08
2035_2040,HYDRO_DAM,1.112948726115619e-06
2035_2040,HYDRO_RIVER,2.050802729705451e-07
2035_2040,INDUSTRY_CCS,25.95655831152931
2035_2040,IND_BOILER_COAL,6.460060575010005e-08
2035_2040,IND_BOILER_GAS,5.320590162762342e-08
2035_2040,IND_BOILER_OIL,3.487481510052772e-07
2035_2040,IND_BOILER_WASTE,5.210761276874895e-07
2035_2040,IND_BOILER_WOOD,6.243445907887345e-05
2035_2040,IND_COGEN_GAS,1.393570583618971e-07
2035_2040,IND_COGEN_WASTE,3.116002529862057e-07
2035_2040,IND_COGEN_WOOD,3.887336662988621e-07
2035_2040,IND_DIRECT_ELEC,179.3119187840537
2035_2040,IND_ELEC_COLD,5.492437456259909
2035_2040,LFO_STORAGE,1.294071053570725e-06
2035_2040,METHANE_TO_METHANOL,3.063552274386842e-07
2035_2040,METHANOL_STORAGE,0.5474013372786654
2035_2040,METHANOL_TO_HVC,13.75261206555802
2035_2040,MOTORCYCLE,1.013730820040034e-07
2035_2040,MOTORCYCLE_ELECTRIC,1261.426479184924
2035_2040,NUCLEAR,0.0
2035_2040,OIL_TO_HVC,6.348075427510696e-08
2035_2040,PHEV_BATT,0.0
2035_2040,PHS,0.0
2035_2040,PV,1453.479788574516
2035_2040,PYROLYSIS_TO_FUELS,1.371549188843065e-06
2035_2040,PYROLYSIS_TO_LFO,9.58825480155557e-07
2035_2040,SMR,1.693452323123722e-07
2035_2040,SYN_METHANATION,1.192255349425969
2035_2040,SYN_METHANOLATION,51.68267414016981
2035_2040,TRAIN_FREIGHT,22.75773746380355
2035_2040,TRAIN_PUB,5591.308577389152
2035_2040,TRAMWAY_TROLLEY,39.57503311924006
2035_2040,TRUCK_DIESEL,1.450530371913035e-07
2035_2040,TRUCK_ELEC,1.818198700391662e-07
2035_2040,TRUCK_FUEL_CELL,323.0990473270836
2035_2040,TRUCK_GASOLINE,2.13632181653061e-07
2035_2040,TRUCK_METHANOL,1.462376072008295e-07
2035_2040,TRUCK_NG,1.73580592968446e-07
2035_2040,TS_COLD,1.563154515883606e-06
2035_2040,TS_DEC_ADVCOGEN_GAS,7.496087302519251e-08
2035_2040,TS_DEC_ADVCOGEN_H2,7.496087302519251e-08
2035_2040,TS_DEC_BOILER_GAS,7.496087302519251e-08
2035_2040,TS_DEC_BOILER_OIL,7.496087302519251e-08
2035_2040,TS_DEC_BOILER_WOOD,7.496087302519251e-08
2035_2040,TS_DEC_COGEN_GAS,7.496087302519251e-08
2035_2040,TS_DEC_COGEN_OIL,7.496087302519251e-08
2035_2040,TS_DEC_DIRECT_ELEC,7.496087302519251e-08
2035_2040,TS_DEC_HP_ELEC,7.496087302519251e-08
2035_2040,TS_DEC_THHP_GAS,7.496087302519251e-08
2035_2040,TS_DHN_DAILY,1.208469589402958e-07
2035_2040,TS_DHN_SEASONAL,17.17662618632258
2035_2040,TS_HIGH_TEMP,8.054843408837538e-08
2035_2040,WIND_OFFSHORE,2.281128878994897e-06
2035_2040,WIND_ONSHORE,9.598507854490882e-08
2040_2045,AMMONIA_STORAGE,1.078029592663548e-06
2040_2045,AMMONIA_TO_H2,2.314763985719702e-07
2040_2045,ATM_CCS,1.040535710905126e-06
2040_2045,BATT_LI,8.072254568981003e-08
2040_2045,BEV_BATT,0.0
2040_2045,BIOMASS_TO_HVC,1.336901882276229e-07
2040_2045,BIOMASS_TO_METHANOL,4.619054654136703e-07
2040_2045,BIOMETHANATION,62.12728865199603
2040_2045,BIO_HYDROLYSIS,1.571670223764763e-06
2040_2045,BOAT_FREIGHT_DIESEL,1.033986932380227e-07
2040_2045,BOAT_FREIGHT_METHANOL,5.776572957400117e-07
2040_2045,BOAT_FREIGHT_NG,54.91348577905539
2040_2045,BUS_COACH_CNG_STOICH,3064.502153762013
2040_2045,BUS_COACH_DIESEL,1.390601824693982e-07
2040_2045,BUS_COACH_FC_HYBRIDH2,6.53159017299182e-07
2040_2045,BUS_COACH_GASOLINE,2.151193706569446e-07
2040_2045,BUS_COACH_HYDIESEL,2.922293548156792e-07
2040_2045,CAR_BEV,3058.773050245703
2040_2045,CAR_DIESEL,1.80067790891048e-07
2040_2045,CAR_FUEL_CELL,2.902606227362858e-07
2040_2045,CAR_GASOLINE,2.058040122438588e-07
2040_2045,CAR_HEV,1.615296393283369e-07
2040_2045,CAR_METHANOL,1.992521437002167e-07
2040_2045,CAR_NG,2.379909060396759e-07
2040_2045,CAR_PHEV,2.255282671370305e-07
2040_2045,CCGT,7.090600003612566e-07
2040_2045,CCGT_AMMONIA,4.362130055703508e-07
2040_2045,CO2_STORAGE,1.957949900650144e-06
2040_2045,COAL_IGCC,9.653143400435882e-08
2040_2045,COAL_US,0.0
2040_2045,DAM_STORAGE,0.0
2040_2045,DEC_ADVCOGEN_GAS,9.943935492406662e-07
2040_2045,DEC_ADVCOGEN_H2,1.041203441791887e-06
2040_2045,DEC_BOILER_GAS,3.866179448239086e-07
2040_2045,DEC_BOILER_OIL,4.14269666259032e-07
2040_2045,DEC_BOILER_WOOD,4.519096020376403e-07
2040_2045,DEC_COGEN_GAS,6.031461189465511e-07
2040_2045,DEC_COGEN_OIL,4.677815779279526e-07
2040_2045,DEC_DIRECT_ELEC,63.55090511077406
2040_2045,DEC_ELEC_COLD,10.813498984071
2040_2045,DEC_HP_ELEC,1.332038827284424e-06
2040_2045,DEC_SOLAR,2.39634878491733e-06
2040_2045,DEC_THHP_GAS,5.069159373309307e-07
2040_2045,DEC_THHP_GAS_COLD,4.627547751508296e-05
2040_2045,DHN,131.6363384515276
2040_2045,DHN_BOILER_GAS,1.061275988306722e-07
2040_2045,DHN_BOILER_OIL,9.436231621084032e-08
2040_2045,DHN_BOILER_WOOD,1.6892347380807e-07
2040_2045,DHN_COGEN_BIO_HYDROLYSIS,4.290584961077396e-07
2040_2045,DHN_COGEN_GAS,3.285929900138796e-07
2040_2045,DHN_COGEN_WASTE,3.767546163156719e-07
2040_2045,DHN_COGEN_WET_BIOMASS,2.29418555321535e-07
2040_2045,DHN_COGEN_WOOD,5.244787681851457e-07
2040_2045,DHN_DEEP_GEO,0.0
2040_2045,DHN_HP_ELEC,1.436219632981688e-07
2040_2045,DHN_SOLAR,8.897719644978039e-07
2040_2045,DIESEL_STORAGE,1.105766871800856e-06
2040_2045,EFFICIENCY,0.0
2040_2045,GASIFICATION_SNG,3.690055720192207e-07
2040_2045,GASOLINE_STORAGE,1.106478508030745e-06
2040_2045,GAS_STORAGE,5.087087251428309
2040_2045,GAS_TO_HVC,4.018711106952435e-07
2040_2045,GEOTHERMAL,9.260641266162453e-07
2040_2045,GRID,3422.308660814395
2040_2045,H2_BIOMASS,3.355160472699152e-07
2040_2045,H2_ELECTROLYSIS,666.3590976959574
2040_2045,H2_STORAGE,6.091684411560967e-07
2040_2045,HABER_BOSCH,7.712997096701818e-07
2040_2045,HVAC_LINE,1.020053918216827e-07
2040_2045,HYDRO_DAM,8.362249876773634e-07
2040_2045,HYDRO_RIVER,2.584894189497183e-07
2040_2045,INDUSTRY_CCS,580.9121999565747
2040_2045,IND_BOILER_COAL,6.647892146188955e-08
2040_2045,IND_BOILER_GAS,7.542050130272837e-08
2040_2045,IND_BOILER_OIL,3.275011407017516e-07
2040_2045,IND_BOILER_WASTE,3.360997263098757e-07
2040_2045,IND_BOILER_WOOD,8.504820158106195e-08
2040_2045,IND_COGEN_GAS,4.508763345783896e-07
2040_2045,IND_COGEN_WASTE,4.093267110445908e-07
2040_2045,IND_COGEN_WOOD,3.208619521419318e-07
2040_2045,IND_DIRECT_ELEC,151.4698004430177
2040_2045,IND_ELEC_COLD,0.7281382346315627
2040_2045,LFO_STORAGE,1.102075813324397e-06
2040_2045,METHANE_TO_METHANOL,4.299078760870202e-07
2040_2045,METHANOL_STORAGE,1.846907997826302
2040_2045,METHANOL_TO_HVC,307.8208071246988
2040_2045,MOTORCYCLE,2.097338763313908e-07
2040_2045,MOTORCYCLE_ELECTRIC,265.8505340082711
2040_2045,NUCLEAR,0.0
2040_2045,OIL_TO_HVC,8.630477575513246e-08
2040_2045,PHEV_BATT,0.0
2040_2045,PHS,0.0
2040_2045,PV,2791.475953375875
2040_2045,PYROLYSIS_TO_FUELS,3.685438530556793e-07
2040_2045,PYROLYSIS_TO_LFO,3.873161450764203e-07
2040_2045,SMR,2.550083009189362e-07
2040_2045,SYN_METHANATION,65.61674803535729
2040_2045,SYN_METHANOLATION,783.2210617005226
2040_2045,TRAIN_FREIGHT,18.54124769648097
2040_2045,TRAIN_PUB,2077.183532474302
2040_2045,TRAMWAY_TROLLEY,32.24478914984792
2040_2045,TRUCK_DIESEL,1.494039817044202e-07
2040_2045,TRUCK_ELEC,2.397119072917373e-07
2040_2045,TRUCK_FUEL_CELL,262.2904532626895
2040_2045,TRUCK_GASOLINE,2.246986905651859e-07
2040_2045,TRUCK_METHANOL,1.993611659984293e-07
2040_2045,TRUCK_NG,2.662079596524884e-07
2040_2045,TS_COLD,1.555465051868793e-06
2040_2045,TS_DEC_ADVCOGEN_GAS,8.975946704668269e-08
2040_2045,TS_DEC_ADVCOGEN_H2,8.975946704668269e-08
2040_2045,TS_DEC_BOILER_GAS,8.975946704668269e-08
2040_2045,TS_DEC_BOILER_OIL,8.975946704668269e-08
2040_2045,TS_DEC_BOILER_WOOD,8.975946704668269e-08
2040_2045,TS_DEC_COGEN_GAS,8.975946704668269e-08
2040_2045,TS_DEC_COGEN_OIL,8.975946704668269e-08
2040_2045,TS_DEC_DIRECT_ELEC,8.975946704668269e-08
2040_2045,TS_DEC_HP_ELEC,8.975946704668269e-08
2040_2045,TS_DEC_THHP_GAS,8.975946704668269e-08
2040_2045,TS_DHN_DAILY,1.621554993665727e-07
2040_2045,TS_DHN_SEASONAL,28.01470485722285
2040_2045,TS_HIGH_TEMP,9.913168393887967e-08
2040_2045,WIND_OFFSHORE,6.850395332831514e-07
2040_2045,WIND_ONSHORE,1.020960941375804e-07
2045_2050,AMMONIA_STORAGE,3.40171237414413e-06
2045_2050,AMMONIA_TO_H2,9.843992231967667e-07
2045_2050,ATM_CCS,8.126945145841262e-05
2045_2050,BATT_LI,2.896884343510025e-07
2045_2050,BEV_BATT,0.0
2045_2050,BIOMASS_TO_HVC,1.001256507776193e-06
2045_2050,BIOMASS_TO_METHANOL,4.433419917212189e-06
2045_2050,BIOMETHANATION,201.6098542772526
2045_2050,BIO_HYDROLYSIS,3.154836428990206e-06
2045_2050,BOAT_FREIGHT_DIESEL,2.051977755779585e-07
2045_2050,BOAT_FREIGHT_METHANOL,2.624218843370158e-06
2045_2050,BOAT_FREIGHT_NG,44.74934575121966
2045_2050,BUS_COACH_CNG_STOICH,8772.505786217818
2045_2050,BUS_COACH_DIESEL,8.667612127638013e-07
2045_2050,BUS_COACH_FC_HYBRIDH2,3.020728337820624e-06
2045_2050,BUS_COACH_GASOLINE,1.109876805137111e-05
2045_2050,BUS_COACH_HYDIESEL,9.387596071615758e-07
2045_2050,CAR_BEV,8274.560432753988
2045_2050,CAR_DIESEL,3.651419519353253e-07
2045_2050,CAR_FUEL_CELL,8.194860492748921e-07
2045_2050,CAR_GASOLINE,4.881842581895846e-07
2045_2050,CAR_HEV,3.579092804368593e-07
2045_2050,CAR_METHANOL,4.23844036291623e-07
2045_2050,CAR_NG,5.020934231030726e-07
2045_2050,CAR_PHEV,4.556238937478557e-07
2045_2050,CCGT,1.33792096368359e-06
2045_2050,CCGT_AMMONIA,1.444205264669531e-06
2045_2050,CO2_STORAGE,7.194461836212635e-06
2045_2050,COAL_IGCC,2.314738767932138e-07
2045_2050,COAL_US,0.0
2045_2050,DAM_STORAGE,0.0
2045_2050,DEC_ADVCOGEN_GAS,2.570778922351659e-06
2045_2050,DEC_ADVCOGEN_H2,2.758857940811169e-06
2045_2050,DEC_BOILER_GAS,1.884775147398708e-06
2045_2050,DEC_BOILER_OIL,1.229401114158876e-06
2045_2050,DEC_BOILER_WOOD,1.872413837475461e-06
2045_2050,DEC_COGEN_GAS,1.448219704311669e-06
2045_2050,DEC_COGEN_OIL,1.380446342135629e-06
2045_2050,DEC_DIRECT_ELEC,130.9748588111823
2045_2050,DEC_ELEC_COLD,9.7983663103728
2045_2050,DEC_HP_ELEC,3.243695866052801e-06
2045_2050,DEC_SOLAR,1.93187049790797e-05
2045_2050,DEC_THHP_GAS,2.100315917158129e-06
2045_2050,DEC_THHP_GAS_COLD,1.534265335603017e-07
2045_2050,DHN,1.369077828407748
2045_2050,DHN_BOILER_GAS,2.940361499003391e-07
2045_2050,DHN_BOILER_OIL,2.736519328438235e-07
2045_2050,DHN_BOILER_WOOD,4.656426184126184e-07
2045_2050,DHN_COGEN_BIO_HYDROLYSIS,1.211950496162676e-06
2045_2050,DHN_COGEN_GAS,1.136041752061879e-06
2045_2050,DHN_COGEN_WASTE,1.303452780798182e-06
2045_2050,DHN_COGEN_WET_BIOMASS,8.312355356379459e-07
2045_2050,DHN_COGEN_WOOD,1.051900261211118e-06
2045_2050,DHN_DEEP_GEO,0.0
2045_2050,DHN_HP_ELEC,36.72417726184265
2045_2050,DHN_SOLAR,6.568610290262451e-06
2045_2050,DIESEL_STORAGE,3.395484229608157e-06
2045_2050,EFFICIENCY,0.0
2045_2050,GASIFICATION_SNG,1.511393558517604e-06
2045_2050,GASOLINE_STORAGE,3.369168342266447e-06
2045_2050,GAS_STORAGE,4.310019707203461
2045_2050,GAS_TO_HVC,1.376956116214767e-06
2045_2050,GEOTHERMAL,3.432847392468588e-06
2045_2050,GRID,3384.673229684754
2045_2050,H2_BIOMASS,1.024974095296109e-06
2045_2050,H2_ELECTROLYSIS,870.2255540153035
2045_2050,H2_STORAGE,1.759991075934066e-06
2045_2050,HABER_BOSCH,3.033685335185236e-06
2045_2050,HVAC_LINE,5.005346592630233e-07
2045_2050,HYDRO_DAM,2.520296575146408e-06
2045_2050,HYDRO_RIVER,7.411669717026219e-07
2045_2050,INDUSTRY_CCS,590.1104469547174
2045_2050,IND_BOILER_COAL,1.396822623482589e-06
2045_2050,IND_BOILER_GAS,1.363283030189966e-06
2045_2050,IND_BOILER_OIL,1.053106456886183e-06
2045_2050,IND_BOILER_WASTE,1.059418070420712e-06
2045_2050,IND_BOILER_WOOD,7.593457458488082e-07
2045_2050,IND_COGEN_GAS,8.979806274399329e-07
2045_2050,IND_COGEN_WASTE,1.43949933255318e-06
2045_2050,IND_COGEN_WOOD,1.300567189769336e-06
2045_2050,IND_DIRECT_ELEC,226.3957351724941
2045_2050,IND_ELEC_COLD,0.6288431578272969
2045_2050,LFO_STORAGE,3.320696229313692e-06
2045_2050,METHANE_TO_METHANOL,1.293215083582158e-06
2045_2050,METHANOL_STORAGE,4.018082817505859
2045_2050,METHANOL_TO_HVC,24.50555478168505
2045_2050,MOTORCYCLE,5.611557500894017e-07
2045_2050,MOTORCYCLE_ELECTRIC,719.2031120105687
2045_2050,NUCLEAR,0.0
2045_2050,OIL_TO_HVC,2.122896343569405e-06
2045_2050,PHEV_BATT,0.0
2045_2050,PHS,0.0
2045_2050,PV,3473.076966622437
2045_2050,PYROLYSIS_TO_FUELS,2.162925417879151e-06
2045_2050,PYROLYSIS_TO_LFO,2.506756469484425e-06
2045_2050,SMR,7.444700034820362e-07
2045_2050,SYN_METHANATION,173.6830565156601
2045_2050,SYN_METHANOLATION,118.8953608288966
2045_2050,TRAIN_FREIGHT,14.95655523786486
2045_2050,TRAIN_PUB,1.80566080559036e-05
2045_2050,TRAMWAY_TROLLEY,26.01035967838186
2045_2050,TRUCK_DIESEL,4.36220185322925e-07
2045_2050,TRUCK_ELEC,7.960767755955353e-07
2045_2050,TRUCK_FUEL_CELL,2924.120048769733
2045_2050,TRUCK_GASOLINE,1.034689975921897e-06
2045_2050,TRUCK_METHANOL,5.958610214880276e-07
2045_2050,TRUCK_NG,7.472887701509647e-07
2045_2050,TS_COLD,4.705136732370992e-06
2045_2050,TS_DEC_ADVCOGEN_GAS,3.340132727053582e-07
2045_2050,TS_DEC_ADVCOGEN_H2,3.340132727053582e-07
2045_2050,TS_DEC_BOILER_GAS,3.340132727053582e-07
2045_2050,TS_DEC_BOILER_OIL,3.340132727053582e-07
2045_2050,TS_DEC_BOILER_WOOD,3.340132727053582e-07
2045_2050,TS_DEC_COGEN_GAS,3.340132727053582e-07
2045_2050,TS_DEC_COGEN_OIL,3.340132727053582e-07
2045_2050,TS_DEC_DIRECT_ELEC,3.340132727053582e-07
2045_2050,TS_DEC_HP_ELEC,3.340132727053582e-07
2045_2050,TS_DEC_THHP_GAS,3.340132727053582e-07
2045_2050,TS_DHN_DAILY,5.678552266691152e-07
2045_2050,TS_DHN_SEASONAL,76.96710544655379
2045_2050,TS_HIGH_TEMP,3.645140101795134e-07
2045_2050,WIND_OFFSHORE,3.670760438371797e-06
2045_2050,WIND_ONSHORE,5.121507255839888e-06
