Phases,Technologies,C_op_phase_tech
2020_2025,AMMONIA_STORAGE,3.671133657578172e-07
2020_2025,AMMONIA_TO_H2,1.88572764053112e-07
2020_2025,ATM_CCS,8.615483185526805e-08
2020_2025,BATT_LI,-7.64817656365093e-10
2020_2025,BEV_BATT,0.0
2020_2025,BIOMASS_TO_HVC,5.182309148283956e-08
2020_2025,BIOMASS_TO_METHANOL,4.375916215470077e-08
2020_2025,BIOMETHANATION,8.359641699925934
2020_2025,BIO_HYDROLYSIS,1.881973926731962e-07
2020_2025,BOAT_FREIGHT_DIESEL,105.5392149625758
2020_2025,BOAT_FREIGHT_METHANOL,4.692295590553355e-08
2020_2025,BOAT_FREIGHT_NG,205.2144205687789
2020_2025,BUS_COACH_CNG_STOICH,276.3099613202978
2020_2025,BUS_COACH_DIESEL,6739.324831990077
2020_2025,BUS_COACH_FC_HYBRIDH2,1.826077981936734e-08
2020_2025,BUS_COACH_GASOLINE,2246.405498383097
2020_2025,BUS_COACH_HYDIESEL,3.413270587781006e-08
2020_2025,CAR_BEV,2.76833843415345e-07
2020_2025,CAR_DIESEL,1.753012068356625e-07
2020_2025,CAR_FUEL_CELL,6.653554959818091e-09
2020_2025,CAR_GASOLINE,5767.298462685429
2020_2025,CAR_HEV,1.01400826243623e-07
2020_2025,CAR_METHANOL,2.490520247567269e-07
2020_2025,CAR_NG,3040.937982316844
2020_2025,CAR_PHEV,1.359298527707035e-07
2020_2025,CCGT,86.70023134674251
2020_2025,CCGT_AMMONIA,3.67477519129392e-08
2020_2025,CO2_STORAGE,1.238463982422902e-07
2020_2025,COAL_IGCC,59.64432543023526
2020_2025,COAL_US,0.0
2020_2025,DAM_STORAGE,0.0
2020_2025,DEC_ADVCOGEN_GAS,5.887059411929477e-08
2020_2025,DEC_ADVCOGEN_H2,5.595247594689077e-08
2020_2025,DEC_BOILER_GAS,233.2490398113826
2020_2025,DEC_BOILER_OIL,1.030371177399713e-07
2020_2025,DEC_BOILER_WOOD,317.5463672781029
2020_2025,DEC_COGEN_GAS,1.487979289106514e-07
2020_2025,DEC_COGEN_OIL,42.58070475622192
2020_2025,DEC_DIRECT_ELEC,8.598681256515926
2020_2025,DEC_ELEC_COLD,44.87819534780806
2020_2025,DEC_HP_ELEC,1.269123389188647e-07
2020_2025,DEC_SOLAR,6.291499436820727e-08
2020_2025,DEC_THHP_GAS,0.0004134918472526454
2020_2025,DEC_THHP_GAS_COLD,0.3610430459412439
2020_2025,DHN,0.0
2020_2025,DHN_BOILER_GAS,2.416919080040487e-08
2020_2025,DHN_BOILER_OIL,8.919060922748873e-09
2020_2025,DHN_BOILER_WOOD,2.688733020714012e-08
2020_2025,DHN_COGEN_BIO_HYDROLYSIS,9.309026687627207e-08
2020_2025,DHN_COGEN_GAS,4.549614606669404e-08
2020_2025,DHN_COGEN_WASTE,6.107721913702102e-08
2020_2025,DHN_COGEN_WET_BIOMASS,1.540788265555741e-07
2020_2025,DHN_COGEN_WOOD,75.51009694256227
2020_2025,DHN_DEEP_GEO,0.0
2020_2025,DHN_HP_ELEC,62.80707089443388
2020_2025,DHN_SOLAR,3.883116477694445e-09
2020_2025,DIESEL_STORAGE,3.636507054194987e-07
2020_2025,EFFICIENCY,0.0
2020_2025,GASIFICATION_SNG,8.908080776517872e-08
2020_2025,GASOLINE_STORAGE,3.637372914502836e-07
2020_2025,GAS_STORAGE,2.972821615881691
2020_2025,GAS_TO_HVC,3.726037202956455e-08
2020_2025,GEOTHERMAL,5.093632778304537e-08
2020_2025,GRID,0.0
2020_2025,H2_BIOMASS,1.719754089350047e-07
2020_2025,H2_ELECTROLYSIS,4.814729799439173e-08
2020_2025,H2_STORAGE,3.217862026074725e-07
2020_2025,HABER_BOSCH,6.128033559425029e-08
2020_2025,HVAC_LINE,5.927716367970837e-09
2020_2025,HYDRO_DAM,576.2041122127445
2020_2025,HYDRO_RIVER,598.2341052769872
2020_2025,INDUSTRY_CCS,8.771112281375886e-08
2020_2025,IND_BOILER_COAL,27.53825715324194
2020_2025,IND_BOILER_GAS,0.3152316440083689
2020_2025,IND_BOILER_OIL,2.278895014996754e-08
2020_2025,IND_BOILER_WASTE,3.067142583811211e-08
2020_2025,IND_BOILER_WOOD,1.910696753267312e-08
2020_2025,IND_COGEN_GAS,61.68187998887967
2020_2025,IND_COGEN_WASTE,6.766848567887923e-08
2020_2025,IND_COGEN_WOOD,5.693607811624581e-08
2020_2025,IND_DIRECT_ELEC,1.275292519223138e-08
2020_2025,IND_ELEC_COLD,0.5872093136746135
2020_2025,LFO_STORAGE,3.661028811896289e-07
2020_2025,METHANE_TO_METHANOL,1.293377795365578e-07
2020_2025,METHANOL_STORAGE,3.018014150922371e-07
2020_2025,METHANOL_TO_HVC,1.466545535176612e-07
2020_2025,MOTORCYCLE,464.6506846772818
2020_2025,MOTORCYCLE_ELECTRIC,15.19018125175561
2020_2025,NUCLEAR,2.799008514432464e-09
2020_2025,OIL_TO_HVC,19.7320620397165
2020_2025,PHEV_BATT,0.0
2020_2025,PHS,0.0
2020_2025,PV,354.7157116843062
2020_2025,PYROLYSIS_TO_FUELS,5.033439317731946e-08
2020_2025,PYROLYSIS_TO_LFO,6.510348714377657e-08
2020_2025,SMR,3.722901278227713e-07
2020_2025,SYN_METHANATION,3.297820100199782e-07
2020_2025,SYN_METHANOLATION,8.259682291637437e-08
2020_2025,TRAIN_FREIGHT,57.70430849151261
2020_2025,TRAIN_PUB,1.574102267941661e-07
2020_2025,TRAMWAY_TROLLEY,61.32759355254072
2020_2025,TRUCK_DIESEL,2458.288250587464
2020_2025,TRUCK_ELEC,1.251452842219391e-08
2020_2025,TRUCK_FUEL_CELL,1.455804674300951e-08
2020_2025,TRUCK_GASOLINE,1306.405474832127
2020_2025,TRUCK_METHANOL,2.181551552981219e-08
2020_2025,TRUCK_NG,2.554429406905547e-08
2020_2025,TS_COLD,1.260840636661311e-07
2020_2025,TS_DEC_ADVCOGEN_GAS,3.192631320808788e-09
2020_2025,TS_DEC_ADVCOGEN_H2,3.192631320808788e-09
2020_2025,TS_DEC_BOILER_GAS,3.192631320808788e-09
2020_2025,TS_DEC_BOILER_OIL,3.192631320808788e-09
2020_2025,TS_DEC_BOILER_WOOD,3.192631320808788e-09
2020_2025,TS_DEC_COGEN_GAS,3.192631320808788e-09
2020_2025,TS_DEC_COGEN_OIL,3.192631320808788e-09
2020_2025,TS_DEC_DIRECT_ELEC,3.192631320808788e-09
2020_2025,TS_DEC_HP_ELEC,3.192631320808788e-09
2020_2025,TS_DEC_THHP_GAS,3.192631320808788e-09
2020_2025,TS_DHN_DAILY,8.967279379210134e-10
2020_2025,TS_DHN_SEASONAL,6.610676585163331
2020_2025,TS_HIGH_TEMP,5.882356320306818e-09
2020_2025,WIND_OFFSHORE,2.354610589462917e-07
2020_2025,WIND_ONSHORE,0.05869934497806613
2025_2030,AMMONIA_STORAGE,3.639495308089516e-07
2025_2030,AMMONIA_TO_H2,1.984280066716408e-07
2025_2030,ATM_CCS,9.991973722602051e-08
2025_2030,BATT_LI,-3.090188480305394e-10
2025_2030,BEV_BATT,0.0
2025_2030,BIOMASS_TO_HVC,1.020804760128308e-07
2025_2030,BIOMASS_TO_METHANOL,5.836456943772802e-08
2025_2030,BIOMETHANATION,38.33317809463273
2025_2030,BIO_HYDROLYSIS,4.527541565541181e-07
2025_2030,BOAT_FREIGHT_DIESEL,77.39371961223105
2025_2030,BOAT_FREIGHT_METHANOL,9.78403124864579e-08
2025_2030,BOAT_FREIGHT_NG,325.053235165052
2025_2030,BUS_COACH_CNG_STOICH,1294.671862415454
2025_2030,BUS_COACH_DIESEL,4942.062686929557
2025_2030,BUS_COACH_FC_HYBRIDH2,4.200121386008098e-08
2025_2030,BUS_COACH_GASOLINE,1203.011785035372
2025_2030,BUS_COACH_HYDIESEL,7.564265561505643e-08
2025_2030,CAR_BEV,1461.015510508524
2025_2030,CAR_DIESEL,2.459210137738857e-07
2025_2030,CAR_FUEL_CELL,1.370067907055617e-08
2025_2030,CAR_GASOLINE,2114.629525131252
2025_2030,CAR_HEV,1.704219404791622e-07
2025_2030,CAR_METHANOL,3.857761574970183e-07
2025_2030,CAR_NG,1576.358421091699
2025_2030,CAR_PHEV,2.390532385054942e-07
2025_2030,CCGT,4.423970511369944e-07
2025_2030,CCGT_AMMONIA,6.900318820373102e-08
2025_2030,CO2_STORAGE,1.297128333924655e-07
2025_2030,COAL_IGCC,8.568123135948875
2025_2030,COAL_US,0.0
2025_2030,DAM_STORAGE,0.0
2025_2030,DEC_ADVCOGEN_GAS,1.057150437371024e-07
2025_2030,DEC_ADVCOGEN_H2,1.006094964791717e-07
2025_2030,DEC_BOILER_GAS,111.0088224726635
2025_2030,DEC_BOILER_OIL,2.028355288650012e-07
2025_2030,DEC_BOILER_WOOD,44.74408420294264
2025_2030,DEC_COGEN_GAS,2.745462770746671e-07
2025_2030,DEC_COGEN_OIL,7.721078287846231e-07
2025_2030,DEC_DIRECT_ELEC,7.492972260437304
2025_2030,DEC_ELEC_COLD,35.11314985407427
2025_2030,DEC_HP_ELEC,3.142918571114188e-07
2025_2030,DEC_SOLAR,2.038222669483521e-07
2025_2030,DEC_THHP_GAS,0.0002867172095315789
2025_2030,DEC_THHP_GAS_COLD,0.5223847546741225
2025_2030,DHN,0.0
2025_2030,DHN_BOILER_GAS,4.012988813046123e-08
2025_2030,DHN_BOILER_OIL,1.510286842375533e-08
2025_2030,DHN_BOILER_WOOD,4.891153923079206e-08
2025_2030,DHN_COGEN_BIO_HYDROLYSIS,1.777279505717813e-07
2025_2030,DHN_COGEN_GAS,8.233031138360117e-08
2025_2030,DHN_COGEN_WASTE,1.118313417697081e-07
2025_2030,DHN_COGEN_WET_BIOMASS,2.681368977905618e-07
2025_2030,DHN_COGEN_WOOD,5.890386484194297e-07
2025_2030,DHN_DEEP_GEO,0.0
2025_2030,DHN_HP_ELEC,109.9414636328062
2025_2030,DHN_SOLAR,8.386594227179438e-09
2025_2030,DIESEL_STORAGE,3.615167470659946e-07
2025_2030,EFFICIENCY,0.0
2025_2030,GASIFICATION_SNG,1.637538156805003e-07
2025_2030,GASOLINE_STORAGE,3.620606768359013e-07
2025_2030,GAS_STORAGE,2.180021185035426
2025_2030,GAS_TO_HVC,6.968461700455835e-08
2025_2030,GEOTHERMAL,9.896814435520235e-08
2025_2030,GRID,0.0
2025_2030,H2_BIOMASS,1.663206780837313e-07
2025_2030,H2_ELECTROLYSIS,7.990859096125268e-08
2025_2030,H2_STORAGE,3.299853399375734e-07
2025_2030,HABER_BOSCH,6.50788401410203e-08
2025_2030,HVAC_LINE,1.288628069200815e-08
2025_2030,HYDRO_DAM,451.4576496779524
2025_2030,HYDRO_RIVER,438.6953476044944
2025_2030,INDUSTRY_CCS,9.977160837742664e-08
2025_2030,IND_BOILER_COAL,21.07988038732837
2025_2030,IND_BOILER_GAS,2.596980625013182e-07
2025_2030,IND_BOILER_OIL,4.753294381742034e-08
2025_2030,IND_BOILER_WASTE,1.089118395111511
2025_2030,IND_BOILER_WOOD,7.866155177678262e-08
2025_2030,IND_COGEN_GAS,4.284974910028276e-07
2025_2030,IND_COGEN_WASTE,1.24468706506073e-07
2025_2030,IND_COGEN_WOOD,1.08584825744237e-07
2025_2030,IND_DIRECT_ELEC,2.364907809200333e-08
2025_2030,IND_ELEC_COLD,0.4676908351428245
2025_2030,LFO_STORAGE,3.650038840795411e-07
2025_2030,METHANE_TO_METHANOL,1.496804025910202e-07
2025_2030,METHANOL_STORAGE,3.504908338841296e-07
2025_2030,METHANOL_TO_HVC,2.754769976776074e-07
2025_2030,MOTORCYCLE,170.3681652130846
2025_2030,MOTORCYCLE_ELECTRIC,149.2658166454269
2025_2030,NUCLEAR,0.0
2025_2030,OIL_TO_HVC,15.24958251757945
2025_2030,PHEV_BATT,0.0
2025_2030,PHS,0.0
2025_2030,PV,753.4105548219634
2025_2030,PYROLYSIS_TO_FUELS,1.037117264244969e-07
2025_2030,PYROLYSIS_TO_LFO,1.192384753304474e-07
2025_2030,SMR,3.494011704383953e-07
2025_2030,SYN_METHANATION,3.071712896758719e-07
2025_2030,SYN_METHANOLATION,1.014683432857581e-07
2025_2030,TRAIN_FREIGHT,55.01026994852781
2025_2030,TRAIN_PUB,1.563696587906645e-07
2025_2030,TRAMWAY_TROLLEY,95.66890022508713
2025_2030,TRUCK_DIESEL,1802.705009197268
2025_2030,TRUCK_ELEC,3.646637984148354e-08
2025_2030,TRUCK_FUEL_CELL,4.878421578029492e-07
2025_2030,TRUCK_GASOLINE,113.3141495199129
2025_2030,TRUCK_METHANOL,8.098799743577465e-08
2025_2030,TRUCK_NG,2.760365234934166e-07
2025_2030,TS_COLD,1.306239650692899e-07
2025_2030,TS_DEC_ADVCOGEN_GAS,4.963940427737889e-09
2025_2030,TS_DEC_ADVCOGEN_H2,4.963940427737889e-09
2025_2030,TS_DEC_BOILER_GAS,4.963940427737889e-09
2025_2030,TS_DEC_BOILER_OIL,4.963940427737889e-09
2025_2030,TS_DEC_BOILER_WOOD,4.963940427737889e-09
2025_2030,TS_DEC_COGEN_GAS,4.963940427737889e-09
2025_2030,TS_DEC_COGEN_OIL,4.963940427737889e-09
2025_2030,TS_DEC_DIRECT_ELEC,4.963940427737889e-09
2025_2030,TS_DEC_HP_ELEC,4.963940427737889e-09
2025_2030,TS_DEC_THHP_GAS,4.963940427737889e-09
2025_2030,TS_DHN_DAILY,2.302866293221965e-09
2025_2030,TS_DHN_SEASONAL,8.176876274940224
2025_2030,TS_HIGH_TEMP,8.539188744454933e-09
2025_2030,WIND_OFFSHORE,4.884803367025249e-07
2025_2030,WIND_ONSHORE,0.04115718558022245
2030_2035,AMMONIA_STORAGE,3.466992848661606e-07
2030_2035,AMMONIA_TO_H2,2.014575063410464e-07
2030_2035,ATM_CCS,1.135631754032815e-07
2030_2035,BATT_LI,3.09946459436166e-10
2030_2035,BEV_BATT,0.0
2030_2035,BIOMASS_TO_HVC,1.202410034117546e-07
2030_2035,BIOMASS_TO_METHANOL,6.564045465258574e-08
2030_2035,BIOMETHANATION,46.65485392051373
2030_2035,BIO_HYDROLYSIS,4.942520556390089e-07
2030_2035,BOAT_FREIGHT_DIESEL,56.75414429885501
2030_2035,BOAT_FREIGHT_METHANOL,1.175164720562844e-07
2030_2035,BOAT_FREIGHT_NG,276.2033471587234
2030_2035,BUS_COACH_CNG_STOICH,4064.908103992321
2030_2035,BUS_COACH_DIESEL,1812.049739548239
2030_2035,BUS_COACH_FC_HYBRIDH2,5.794083330146218e-08
2030_2035,BUS_COACH_GASOLINE,278.1823423858773
2030_2035,BUS_COACH_HYDIESEL,9.452066000527152e-08
2030_2035,CAR_BEV,2387.127195508352
2030_2035,CAR_DIESEL,1.412095775495812e-07
2030_2035,CAR_FUEL_CELL,1.661134310929634e-08
2030_2035,CAR_GASOLINE,1.15568645403782e-07
2030_2035,CAR_HEV,1.215345468517118e-07
2030_2035,CAR_METHANOL,2.010695092766088e-07
2030_2035,CAR_NG,225.5548654667973
2030_2035,CAR_PHEV,2.035222729913307e-07
2030_2035,CCGT,3.036781662412775e-07
2030_2035,CCGT_AMMONIA,7.570021697179991e-08
2030_2035,CO2_STORAGE,1.438519711462276e-07
2030_2035,COAL_IGCC,1.917255600282311e-06
2030_2035,COAL_US,0.0
2030_2035,DAM_STORAGE,0.0
2030_2035,DEC_ADVCOGEN_GAS,1.052208355893703e-07
2030_2035,DEC_ADVCOGEN_H2,1.007764521466608e-07
2030_2035,DEC_BOILER_GAS,21.41611723171052
2030_2035,DEC_BOILER_OIL,2.225309376838067e-07
2030_2035,DEC_BOILER_WOOD,9.777672987656777e-06
2030_2035,DEC_COGEN_GAS,2.796846578388132e-07
2030_2035,DEC_COGEN_OIL,5.084437161302957e-07
2030_2035,DEC_DIRECT_ELEC,7.682824560251607
2030_2035,DEC_ELEC_COLD,28.30876966685948
2030_2035,DEC_HP_ELEC,3.441403946360931e-07
2030_2035,DEC_SOLAR,2.402590142777841e-07
2030_2035,DEC_THHP_GAS,0.0002015203980997469
2030_2035,DEC_THHP_GAS_COLD,0.3728128468661466
2030_2035,DHN,0.0
2030_2035,DHN_BOILER_GAS,3.499728076742977e-08
2030_2035,DHN_BOILER_OIL,1.366694534025255e-08
2030_2035,DHN_BOILER_WOOD,4.288178792805833e-08
2030_2035,DHN_COGEN_BIO_HYDROLYSIS,1.797396422082295e-07
2030_2035,DHN_COGEN_GAS,8.785340543389358e-08
2030_2035,DHN_COGEN_WASTE,1.164897663855851e-07
2030_2035,DHN_COGEN_WET_BIOMASS,2.489081346232751e-07
2030_2035,DHN_COGEN_WOOD,2.804274115066323e-07
2030_2035,DHN_DEEP_GEO,0.0
2030_2035,DHN_HP_ELEC,98.00777122434404
2030_2035,DHN_SOLAR,9.843548310252568e-09
2030_2035,DIESEL_STORAGE,3.444479667423759e-07
2030_2035,EFFICIENCY,0.0
2030_2035,GASIFICATION_SNG,1.874316712179839e-07
2030_2035,GASOLINE_STORAGE,3.448139123531492e-07
2030_2035,GAS_STORAGE,1.59864699329368
2030_2035,GAS_TO_HVC,7.719938395450573e-08
2030_2035,GEOTHERMAL,1.167488347853848e-07
2030_2035,GRID,0.0
2030_2035,H2_BIOMASS,1.680065778695138e-07
2030_2035,H2_ELECTROLYSIS,37.0465599112788
2030_2035,H2_STORAGE,3.20606444032142e-07
2030_2035,HABER_BOSCH,6.629459239435531e-08
2030_2035,HVAC_LINE,1.574800026264738e-08
2030_2035,HYDRO_DAM,331.0616509689763
2030_2035,HYDRO_RIVER,321.7028355825425
2030_2035,INDUSTRY_CCS,1.148556758967091e-07
2030_2035,IND_BOILER_COAL,11.32378773453849
2030_2035,IND_BOILER_GAS,1.104102158798872
2030_2035,IND_BOILER_OIL,6.715249731539663e-08
2030_2035,IND_BOILER_WASTE,1.597338603001591
2030_2035,IND_BOILER_WOOD,0.5726771000185991
2030_2035,IND_COGEN_GAS,3.044995988166058e-07
2030_2035,IND_COGEN_WASTE,1.307417795493093e-07
2030_2035,IND_COGEN_WOOD,1.172163546726572e-07
2030_2035,IND_DIRECT_ELEC,3.684816253099963
2030_2035,IND_ELEC_COLD,0.3770788835114418
2030_2035,LFO_STORAGE,3.476596951707606e-07
2030_2035,METHANE_TO_METHANOL,1.608654724871047e-07
2030_2035,METHANOL_STORAGE,3.434224148864812e-07
2030_2035,METHANOL_TO_HVC,3.23659323009223e-07
2030_2035,MOTORCYCLE,1.296893777445005e-07
2030_2035,MOTORCYCLE_ELECTRIC,215.6509899194227
2030_2035,NUCLEAR,0.0
2030_2035,OIL_TO_HVC,12.1209886146794
2030_2035,PHEV_BATT,0.0
2030_2035,PHS,0.0
2030_2035,PV,983.6150702514894
2030_2035,PYROLYSIS_TO_FUELS,1.172259679526298e-07
2030_2035,PYROLYSIS_TO_LFO,1.356391444333201e-07
2030_2035,SMR,3.197001145102436e-07
2030_2035,SYN_METHANATION,3.051611875825569e-07
2030_2035,SYN_METHANOLATION,1.097593714864754e-07
2030_2035,TRAIN_FREIGHT,45.5117904882663
2030_2035,TRAIN_PUB,2.642314504593679e-07
2030_2035,TRAMWAY_TROLLEY,79.14994219890846
2030_2035,TRUCK_DIESEL,660.9772777202613
2030_2035,TRUCK_ELEC,4.942893861780083e-08
2030_2035,TRUCK_FUEL_CELL,515.7990003228384
2030_2035,TRUCK_GASOLINE,41.54760640642404
2030_2035,TRUCK_METHANOL,1.118242131007448e-07
2030_2035,TRUCK_NG,4.033218591969752e-07
2030_2035,TS_COLD,1.258086908203348e-07
2030_2035,TS_DEC_ADVCOGEN_GAS,5.478766329557475e-09
2030_2035,TS_DEC_ADVCOGEN_H2,5.478766329557475e-09
2030_2035,TS_DEC_BOILER_GAS,5.478766329557475e-09
2030_2035,TS_DEC_BOILER_OIL,5.478766329557475e-09
2030_2035,TS_DEC_BOILER_WOOD,5.478766329557475e-09
2030_2035,TS_DEC_COGEN_GAS,5.478766329557475e-09
2030_2035,TS_DEC_COGEN_OIL,5.478766329557475e-09
2030_2035,TS_DEC_DIRECT_ELEC,5.478766329557475e-09
2030_2035,TS_DEC_HP_ELEC,5.478766329557475e-09
2030_2035,TS_DEC_THHP_GAS,5.478766329557475e-09
2030_2035,TS_DHN_DAILY,3.054168125355547e-09
2030_2035,TS_DHN_SEASONAL,7.428913842000064
2030_2035,TS_HIGH_TEMP,9.15705906333265e-09
2030_2035,WIND_OFFSHORE,5.366368079098898e-07
2030_2035,WIND_ONSHORE,0.02894024719747393
2035_2040,AMMONIA_STORAGE,3.517336622341175e-07
2035_2040,AMMONIA_TO_H2,2.493418539259641e-07
2035_2040,ATM_CCS,1.621977706095577e-07
2035_2040,BATT_LI,6.559393020708902e-10
2035_2040,BEV_BATT,0.0
2035_2040,BIOMASS_TO_HVC,42.4018912621865
2035_2040,BIOMASS_TO_METHANOL,1.109887902041331e-07
2035_2040,BIOMETHANATION,33.36943358947453
2035_2040,BIO_HYDROLYSIS,4.475737576444291e-07
2035_2040,BOAT_FREIGHT_DIESEL,41.61878911065388
2035_2040,BOAT_FREIGHT_METHANOL,1.348136760143703e-07
2035_2040,BOAT_FREIGHT_NG,225.6664457900622
2035_2040,BUS_COACH_CNG_STOICH,4678.264991857103
2035_2040,BUS_COACH_DIESEL,1.262581570431653e-06
2035_2040,BUS_COACH_FC_HYBRIDH2,6.836481587702908e-08
2035_2040,BUS_COACH_GASOLINE,2.06959117147977e-06
2035_2040,BUS_COACH_HYDIESEL,9.118639516357221e-08
2035_2040,CAR_BEV,1991.736451700238
2035_2040,CAR_DIESEL,7.382456235148109e-08
2035_2040,CAR_FUEL_CELL,2.018998469919447e-08
2035_2040,CAR_GASOLINE,8.380271388961175e-08
2035_2040,CAR_HEV,8.58936095088809e-08
2035_2040,CAR_METHANOL,8.404928482617667e-08
2035_2040,CAR_NG,1.204100332543549e-07
2035_2040,CAR_PHEV,1.619751695848187e-07
2035_2040,CCGT,2.111874529131879e-07
2035_2040,CCGT_AMMONIA,8.276547220595309e-08
2035_2040,CO2_STORAGE,1.648465755366713e-07
2035_2040,COAL_IGCC,1.384408992419264e-06
2035_2040,COAL_US,0.0
2035_2040,DAM_STORAGE,0.0
2035_2040,DEC_ADVCOGEN_GAS,1.059244000434499e-07
2035_2040,DEC_ADVCOGEN_H2,1.053461372867776e-07
2035_2040,DEC_BOILER_GAS,1.517640198154476e-07
2035_2040,DEC_BOILER_OIL,2.245539429694263e-07
2035_2040,DEC_BOILER_WOOD,1.661418475472221e-07
2035_2040,DEC_COGEN_GAS,2.70878638726204e-07
2035_2040,DEC_COGEN_OIL,3.154478940723972e-07
2035_2040,DEC_DIRECT_ELEC,6.689573290635202
2035_2040,DEC_ELEC_COLD,22.35747916977407
2035_2040,DEC_HP_ELEC,3.378232122925796e-07
2035_2040,DEC_SOLAR,3.179311778836606e-07
2035_2040,DEC_THHP_GAS,7.302652056040238e-05
2035_2040,DEC_THHP_GAS_COLD,0.2683737553149705
2035_2040,DHN,0.0
2035_2040,DHN_BOILER_GAS,2.125741969707267e-08
2035_2040,DHN_BOILER_OIL,1.233025761893873e-08
2035_2040,DHN_BOILER_WOOD,2.823283615117019e-08
2035_2040,DHN_COGEN_BIO_HYDROLYSIS,1.520153814903903e-07
2035_2040,DHN_COGEN_GAS,8.585102195702228e-08
2035_2040,DHN_COGEN_WASTE,1.167770165128988e-07
2035_2040,DHN_COGEN_WET_BIOMASS,2.1117814913527e-07
2035_2040,DHN_COGEN_WOOD,1.799282812393312e-07
2035_2040,DHN_DEEP_GEO,0.0
2035_2040,DHN_HP_ELEC,76.2774083854456
2035_2040,DHN_SOLAR,1.2006473672785e-08
2035_2040,DIESEL_STORAGE,3.478833654181999e-07
2035_2040,EFFICIENCY,0.0
2035_2040,GASIFICATION_SNG,2.252666253597923e-07
2035_2040,GASOLINE_STORAGE,3.48648584336329e-07
2035_2040,GAS_STORAGE,1.17231550533117
2035_2040,GAS_TO_HVC,8.248452491496137e-08
2035_2040,GEOTHERMAL,1.350069009270353e-07
2035_2040,GRID,0.0
2035_2040,H2_BIOMASS,1.801631421147604e-07
2035_2040,H2_ELECTROLYSIS,53.65402495958168
2035_2040,H2_STORAGE,3.209138103965133e-07
2035_2040,HABER_BOSCH,8.223132857511917e-08
2035_2040,HVAC_LINE,1.680752613360491e-08
2035_2040,HYDRO_DAM,242.7731966104001
2035_2040,HYDRO_RIVER,235.9102164813092
2035_2040,INDUSTRY_CCS,1.601253489620957
2035_2040,IND_BOILER_COAL,4.096123263876147
2035_2040,IND_BOILER_GAS,1.619314018976398
2035_2040,IND_BOILER_OIL,7.382410708815588e-08
2035_2040,IND_BOILER_WASTE,1.171355981716092
2035_2040,IND_BOILER_WOOD,0.8399109587429139
2035_2040,IND_COGEN_GAS,2.26097687995142e-07
2035_2040,IND_COGEN_WASTE,1.317540362207983e-07
2035_2040,IND_COGEN_WOOD,1.282789515271087e-07
2035_2040,IND_DIRECT_ELEC,7.437860822201962
2035_2040,IND_ELEC_COLD,0.2949691040579366
2035_2040,LFO_STORAGE,3.516045457206698e-07
2035_2040,METHANE_TO_METHANOL,1.572444720821273e-07
2035_2040,METHANOL_STORAGE,0.0543298240789186
2035_2040,METHANOL_TO_HVC,3.055232939095589
2035_2040,MOTORCYCLE,1.005760549126559e-07
2035_2040,MOTORCYCLE_ELECTRIC,173.1161521610917
2035_2040,NUCLEAR,0.0
2035_2040,OIL_TO_HVC,7.5362179061571
2035_2040,PHEV_BATT,0.0
2035_2040,PHS,0.0
2035_2040,PV,962.1108032775878
2035_2040,PYROLYSIS_TO_FUELS,1.815610280918542e-07
2035_2040,PYROLYSIS_TO_LFO,2.13368955090569e-07
2035_2040,SMR,2.725037748680195e-07
2035_2040,SYN_METHANATION,0.7157285805794206
2035_2040,SYN_METHANOLATION,3.38340628660432
2035_2040,TRAIN_FREIGHT,36.53508308250292
2035_2040,TRAIN_PUB,504.4803418296283
2035_2040,TRAMWAY_TROLLEY,63.53846760608845
2035_2040,TRUCK_DIESEL,8.063209348418436e-08
2035_2040,TRUCK_ELEC,5.033502624946944e-08
2035_2040,TRUCK_FUEL_CELL,780.8057400230757
2035_2040,TRUCK_GASOLINE,1.04801581353783e-07
2035_2040,TRUCK_METHANOL,9.965396083071484e-08
2035_2040,TRUCK_NG,3.207544445630775e-07
2035_2040,TS_COLD,1.299098588363338e-07
2035_2040,TS_DEC_ADVCOGEN_GAS,5.307921513745011e-09
2035_2040,TS_DEC_ADVCOGEN_H2,5.307921513745011e-09
2035_2040,TS_DEC_BOILER_GAS,5.307921513745011e-09
2035_2040,TS_DEC_BOILER_OIL,5.307921513745011e-09
2035_2040,TS_DEC_BOILER_WOOD,5.307921513745011e-09
2035_2040,TS_DEC_COGEN_GAS,5.307921513745011e-09
2035_2040,TS_DEC_COGEN_OIL,5.307921513745011e-09
2035_2040,TS_DEC_DIRECT_ELEC,5.307921513745011e-09
2035_2040,TS_DEC_HP_ELEC,5.307921513745011e-09
2035_2040,TS_DEC_THHP_GAS,5.307921513745011e-09
2035_2040,TS_DHN_DAILY,3.342694560796365e-09
2035_2040,TS_DHN_SEASONAL,5.933667295949332
2035_2040,TS_HIGH_TEMP,8.974103123032427e-09
2035_2040,WIND_OFFSHORE,6.469796639490368e-07
2035_2040,WIND_ONSHORE,0.02042993673403277
2040_2045,AMMONIA_STORAGE,3.932880778751783e-07
2040_2045,AMMONIA_TO_H2,2.663878258024097e-07
2040_2045,ATM_CCS,2.226286010772151e-07
2040_2045,BATT_LI,7.123961798189476e-10
2040_2045,BEV_BATT,0.0
2040_2045,BIOMASS_TO_HVC,58.7331778344721
2040_2045,BIOMASS_TO_METHANOL,1.252474974762618e-07
2040_2045,BIOMETHANATION,23.85191950195738
2040_2045,BIO_HYDROLYSIS,5.612115401883932e-07
2040_2045,BOAT_FREIGHT_DIESEL,30.51977311172286
2040_2045,BOAT_FREIGHT_METHANOL,1.863951404174753e-07
2040_2045,BOAT_FREIGHT_NG,178.3713677021877
2040_2045,BUS_COACH_CNG_STOICH,3378.480001356085
2040_2045,BUS_COACH_DIESEL,9.326730620051431e-07
2040_2045,BUS_COACH_FC_HYBRIDH2,1.0115536321368e-07
2040_2045,BUS_COACH_GASOLINE,1.54015558882281e-06
2040_2045,BUS_COACH_HYDIESEL,8.725558556801635e-08
2040_2045,CAR_BEV,1556.599387611616
2040_2045,CAR_DIESEL,6.489010858012174e-08
2040_2045,CAR_FUEL_CELL,2.640907056902406e-08
2040_2045,CAR_GASOLINE,7.691208671761032e-08
2040_2045,CAR_HEV,8.241820984599322e-08
2040_2045,CAR_METHANOL,7.486813329579472e-08
2040_2045,CAR_NG,9.541214605438161e-08
2040_2045,CAR_PHEV,1.301996441057021e-07
2040_2045,CCGT,1.284053806402368e-07
2040_2045,CCGT_AMMONIA,9.512737362228944e-08
2040_2045,CO2_STORAGE,1.931976132135615e-07
2040_2045,COAL_IGCC,1.003059282350173e-06
2040_2045,COAL_US,0.0
2040_2045,DAM_STORAGE,0.0
2040_2045,DEC_ADVCOGEN_GAS,1.187399996008579e-07
2040_2045,DEC_ADVCOGEN_H2,1.229853767691679e-07
2040_2045,DEC_BOILER_GAS,1.510530189740418e-07
2040_2045,DEC_BOILER_OIL,2.242900743262055e-07
2040_2045,DEC_BOILER_WOOD,1.858370262156588e-07
2040_2045,DEC_COGEN_GAS,2.783243050142143e-07
2040_2045,DEC_COGEN_OIL,2.569531938137056e-07
2040_2045,DEC_DIRECT_ELEC,5.132066305622947
2040_2045,DEC_ELEC_COLD,17.55732278118286
2040_2045,DEC_HP_ELEC,3.822610478297645e-07
2040_2045,DEC_SOLAR,3.774774500735807e-07
2040_2045,DEC_THHP_GAS,2.064966896461173e-07
2040_2045,DEC_THHP_GAS_COLD,0.09791815541957748
2040_2045,DHN,0.0
2040_2045,DHN_BOILER_GAS,1.349536202417774e-08
2040_2045,DHN_BOILER_OIL,1.307237964871823e-08
2040_2045,DHN_BOILER_WOOD,2.203866122873095e-08
2040_2045,DHN_COGEN_BIO_HYDROLYSIS,1.467935103599062e-07
2040_2045,DHN_COGEN_GAS,8.700183306922823e-08
2040_2045,DHN_COGEN_WASTE,1.238752014855423e-07
2040_2045,DHN_COGEN_WET_BIOMASS,1.915198297193886e-07
2040_2045,DHN_COGEN_WOOD,1.215505770324131e-07
2040_2045,DHN_DEEP_GEO,0.0
2040_2045,DHN_HP_ELEC,56.08611104755396
2040_2045,DHN_SOLAR,1.368963401076198e-08
2040_2045,DIESEL_STORAGE,3.911963636114628e-07
2040_2045,EFFICIENCY,0.0
2040_2045,GASIFICATION_SNG,2.564541486129456e-07
2040_2045,GASOLINE_STORAGE,3.916431513760726e-07
2040_2045,GAS_STORAGE,1.192670817449347
2040_2045,GAS_TO_HVC,9.028962459426784e-08
2040_2045,GEOTHERMAL,1.588866558897628e-07
2040_2045,GRID,0.0
2040_2045,H2_BIOMASS,1.903645432134986e-07
2040_2045,H2_ELECTROLYSIS,80.3056902500266
2040_2045,H2_STORAGE,3.494827273237546e-07
2040_2045,HABER_BOSCH,1.102234123253949e-07
2040_2045,HVAC_LINE,1.789666910152269e-08
2040_2045,HYDRO_DAM,178.0297561546838
2040_2045,HYDRO_RIVER,172.9970149023004
2040_2045,INDUSTRY_CCS,38.1681743785669
2040_2045,IND_BOILER_COAL,0.9029706101239656
2040_2045,IND_BOILER_GAS,0.5937355584158968
2040_2045,IND_BOILER_OIL,6.911158555159174e-08
2040_2045,IND_BOILER_WASTE,0.4294878401394224
2040_2045,IND_BOILER_WOOD,0.3079640036131058
2040_2045,IND_COGEN_GAS,1.805210829515928e-07
2040_2045,IND_COGEN_WASTE,1.391157163660909e-07
2040_2045,IND_COGEN_WOOD,1.347398082902602e-07
2040_2045,IND_DIRECT_ELEC,8.66339653949068
2040_2045,IND_ELEC_COLD,0.2242809952293234
2040_2045,LFO_STORAGE,3.932498923151276e-07
2040_2045,METHANE_TO_METHANOL,1.48197016740978e-07
2040_2045,METHANOL_STORAGE,0.262987364311412
2040_2045,METHANOL_TO_HVC,72.78516734873381
2040_2045,MOTORCYCLE,7.29820176063329e-08
2040_2045,MOTORCYCLE_ELECTRIC,135.2952576759245
2040_2045,NUCLEAR,0.0
2040_2045,OIL_TO_HVC,2.10995407558982
2040_2045,PHEV_BATT,0.0
2040_2045,PHS,0.0
2040_2045,PV,900.3478636174583
2040_2045,PYROLYSIS_TO_FUELS,2.012106394554478e-07
2040_2045,PYROLYSIS_TO_LFO,2.452934341237049e-07
2040_2045,SMR,2.256205123386777e-07
2040_2045,SYN_METHANATION,40.02818328776821
2040_2045,SYN_METHANOLATION,55.03627834092418
2040_2045,TRAIN_FREIGHT,28.55322401463733
2040_2045,TRAIN_PUB,927.3037692786324
2040_2045,TRAMWAY_TROLLEY,49.65714198034872
2040_2045,TRUCK_DIESEL,7.156831547622474e-08
2040_2045,TRUCK_ELEC,5.162706734819099e-08
2040_2045,TRUCK_FUEL_CELL,610.2222665289501
2040_2045,TRUCK_GASOLINE,1.034843220368348e-07
2040_2045,TRUCK_METHANOL,8.034674011274633e-08
2040_2045,TRUCK_NG,1.76740488798591e-07
2040_2045,TS_COLD,1.523775508790927e-07
2040_2045,TS_DEC_ADVCOGEN_GAS,5.174777320383678e-09
2040_2045,TS_DEC_ADVCOGEN_H2,5.174777320383678e-09
2040_2045,TS_DEC_BOILER_GAS,5.174777320383678e-09
2040_2045,TS_DEC_BOILER_OIL,5.174777320383678e-09
2040_2045,TS_DEC_BOILER_WOOD,5.174777320383678e-09
2040_2045,TS_DEC_COGEN_GAS,5.174777320383678e-09
2040_2045,TS_DEC_COGEN_OIL,5.174777320383678e-09
2040_2045,TS_DEC_DIRECT_ELEC,5.174777320383678e-09
2040_2045,TS_DEC_HP_ELEC,5.174777320383678e-09
2040_2045,TS_DEC_THHP_GAS,5.174777320383678e-09
2040_2045,TS_DHN_DAILY,3.796261806886076e-09
2040_2045,TS_DHN_SEASONAL,4.329477948784158
2040_2045,TS_HIGH_TEMP,9.042801641895877e-09
2040_2045,WIND_OFFSHORE,6.75509893970911e-07
2040_2045,WIND_ONSHORE,0.01464563981304712
2045_2050,AMMONIA_STORAGE,6.699857379621451e-07
2045_2050,AMMONIA_TO_H2,4.201892469387708e-07
2045_2050,ATM_CCS,5.214176506287699e-06
2045_2050,BATT_LI,1.432948496323491e-09
2045_2050,BEV_BATT,0.0
2045_2050,BIOMASS_TO_HVC,38.00298393740059
2045_2050,BIOMASS_TO_METHANOL,2.431584484351445e-07
2045_2050,BIOMETHANATION,17.03749536291924
2045_2050,BIO_HYDROLYSIS,1.051553226970525e-06
2045_2050,BOAT_FREIGHT_DIESEL,22.38067400144822
2045_2050,BOAT_FREIGHT_METHANOL,4.965752214659356e-07
2045_2050,BOAT_FREIGHT_NG,141.2468839707525
2045_2050,BUS_COACH_CNG_STOICH,2598.968618103943
2045_2050,BUS_COACH_DIESEL,4.639262769730714e-07
2045_2050,BUS_COACH_FC_HYBRIDH2,3.219927866504288e-07
2045_2050,BUS_COACH_GASOLINE,1.943883752812762e-06
2045_2050,BUS_COACH_HYDIESEL,1.559541864234878e-07
2045_2050,CAR_BEV,1219.309281255912
2045_2050,CAR_DIESEL,9.002818534687794e-08
2045_2050,CAR_FUEL_CELL,5.540978020963858e-08
2045_2050,CAR_GASOLINE,1.180522365860003e-07
2045_2050,CAR_HEV,1.21861909454197e-07
2045_2050,CAR_METHANOL,1.0611588719921e-07
2045_2050,CAR_NG,1.267388655428338e-07
2045_2050,CAR_PHEV,1.584953443720377e-07
2045_2050,CCGT,1.590472677872579e-07
2045_2050,CCGT_AMMONIA,1.682601102541006e-07
2045_2050,CO2_STORAGE,3.438184480798453e-07
2045_2050,COAL_IGCC,7.337602590269691e-07
2045_2050,COAL_US,0.0
2045_2050,DAM_STORAGE,0.0
2045_2050,DEC_ADVCOGEN_GAS,2.108985480888177e-07
2045_2050,DEC_ADVCOGEN_H2,2.242944389711747e-07
2045_2050,DEC_BOILER_GAS,2.373730091809497e-07
2045_2050,DEC_BOILER_OIL,3.559998855599872e-07
2045_2050,DEC_BOILER_WOOD,2.940491892222143e-07
2045_2050,DEC_COGEN_GAS,4.488236262255192e-07
2045_2050,DEC_COGEN_OIL,4.286381307829187e-07
2045_2050,DEC_DIRECT_ELEC,3.944791055893952
2045_2050,DEC_ELEC_COLD,13.79453640634283
2045_2050,DEC_HP_ELEC,6.578469860424523e-07
2045_2050,DEC_SOLAR,8.088451224404684e-07
2045_2050,DEC_THHP_GAS,3.167897316896337e-07
2045_2050,DEC_THHP_GAS_COLD,5.079450680957598e-06
2045_2050,DHN,0.0
2045_2050,DHN_BOILER_GAS,2.436513414861645e-08
2045_2050,DHN_BOILER_OIL,2.458322102900733e-08
2045_2050,DHN_BOILER_WOOD,3.985873189956435e-08
2045_2050,DHN_COGEN_BIO_HYDROLYSIS,2.625696835101456e-07
2045_2050,DHN_COGEN_GAS,1.481588570674477e-07
2045_2050,DHN_COGEN_WASTE,2.135232815013026e-07
2045_2050,DHN_COGEN_WET_BIOMASS,2.978750421207131e-07
2045_2050,DHN_COGEN_WOOD,1.751269462813981e-07
2045_2050,DHN_DEEP_GEO,0.0
2045_2050,DHN_HP_ELEC,31.78765748669453
2045_2050,DHN_SOLAR,3.06101754105922e-08
2045_2050,DIESEL_STORAGE,6.6998683135256e-07
2045_2050,EFFICIENCY,0.0
2045_2050,GASIFICATION_SNG,4.685816955690883e-07
2045_2050,GASOLINE_STORAGE,6.673622737998301e-07
2045_2050,GAS_STORAGE,1.400920570087466
2045_2050,GAS_TO_HVC,1.56282254767313e-07
2045_2050,GEOTHERMAL,2.96357973904833e-07
2045_2050,GRID,0.0
2045_2050,H2_BIOMASS,3.125137475218493e-07
2045_2050,H2_ELECTROLYSIS,130.0151581801902
2045_2050,H2_STORAGE,5.661302311556425e-07
2045_2050,HABER_BOSCH,2.432593007910848e-07
2045_2050,HVAC_LINE,3.892507122458198e-08
2045_2050,HYDRO_DAM,130.5522789365843
2045_2050,HYDRO_RIVER,126.8616832921687
2045_2050,INDUSTRY_CCS,90.32708268375778
2045_2050,IND_BOILER_COAL,1.907063800519376e-07
2045_2050,IND_BOILER_GAS,1.963073823847366e-07
2045_2050,IND_BOILER_OIL,1.049022678682379e-07
2045_2050,IND_BOILER_WASTE,1.504656510595847e-07
2045_2050,IND_BOILER_WOOD,3.392139613860593e-06
2045_2050,IND_COGEN_GAS,2.747061119333517e-07
2045_2050,IND_COGEN_WASTE,2.373415461620372e-07
2045_2050,IND_COGEN_WOOD,2.176662664275198e-07
2045_2050,IND_DIRECT_ELEC,8.727203168540406
2045_2050,IND_ELEC_COLD,0.1708594360424437
2045_2050,LFO_STORAGE,6.629626202827519e-07
2045_2050,METHANE_TO_METHANOL,2.315910885973247e-07
2045_2050,METHANOL_STORAGE,0.726068987801143
2045_2050,METHANOL_TO_HVC,107.544667406415
2045_2050,MOTORCYCLE,1.216319508250166e-07
2045_2050,MOTORCYCLE_ELECTRIC,105.9789465860826
2045_2050,NUCLEAR,0.0
2045_2050,OIL_TO_HVC,1.635845814495361e-07
2045_2050,PHEV_BATT,0.0
2045_2050,PHS,0.0
2045_2050,PV,920.6124132895698
2045_2050,PYROLYSIS_TO_FUELS,2.778799534152759e-07
2045_2050,PYROLYSIS_TO_LFO,4.403888796832167e-07
2045_2050,SMR,3.260940323530122e-07
2045_2050,SYN_METHANATION,155.8267192823456
2045_2050,SYN_METHANOLATION,76.82243223078481
2045_2050,TRAIN_FREIGHT,22.36616789857624
2045_2050,TRAIN_PUB,817.4428415577624
2045_2050,TRAMWAY_TROLLEY,38.89723623804797
2045_2050,TRUCK_DIESEL,9.863162248768697e-08
2045_2050,TRUCK_ELEC,1.005971994601084e-07
2045_2050,TRUCK_FUEL_CELL,477.9962379814933
2045_2050,TRUCK_GASOLINE,1.965190702889734e-07
2045_2050,TRUCK_METHANOL,1.243034822912513e-07
2045_2050,TRUCK_NG,1.618489202251711e-07
2045_2050,TS_COLD,2.742213056299424e-07
2045_2050,TS_DEC_ADVCOGEN_GAS,9.453573988315988e-09
2045_2050,TS_DEC_ADVCOGEN_H2,9.453573988315988e-09
2045_2050,TS_DEC_BOILER_GAS,9.453573988315988e-09
2045_2050,TS_DEC_BOILER_OIL,9.453573988315988e-09
2045_2050,TS_DEC_BOILER_WOOD,9.453573988315988e-09
2045_2050,TS_DEC_COGEN_GAS,9.453573988315988e-09
2045_2050,TS_DEC_COGEN_OIL,9.453573988315988e-09
2045_2050,TS_DEC_DIRECT_ELEC,9.453573988315988e-09
2045_2050,TS_DEC_HP_ELEC,9.453573988315988e-09
2045_2050,TS_DEC_THHP_GAS,9.453573988315988e-09
2045_2050,TS_DHN_DAILY,7.201085313220921e-09
2045_2050,TS_DHN_SEASONAL,3.562386231663742
2045_2050,TS_HIGH_TEMP,1.632584692704161e-08
2045_2050,WIND_OFFSHORE,8.845973274258087e-07
2045_2050,WIND_ONSHORE,0.005353294140774495
